Equipment Code,Area,Equipment,Criticality
120-BN-01,120.0,ROM BIN GRIZZLY,Critical 1
120-HO-01,120.0,CRUSHING AREA HOIST,Critical 3
120-AF-01,120.0,APRON FEEDER,Critical 1
120-CS-01,120.0,JAW CRUSHER,Critical 1
120-BN-02,120.0,EMERGENCY RECLAIM FEED BIN,Critical 2
120-BF-01,120.0,EMERGENCY BELT FEEDER,Critical 2
120-CH-01,120.0,PRIMARY CRUSHER FEED CHUTE,Critical 1
120-CH-02,120.0,APPRON FEEDER UNDERSIZE CHUTE,Critical 1
120-CH-03,120.0,CRUSHED ORE CONVEYOR FEED CHUTE,Critical 1
120-CH-04,120.0,DIVERTER GATE FEED CHUTE,Critical 1
120-CH-05,120.0,EMERGENCY STOCKPILE FEED CHUTE,Critical 2
120-CH-06,120.0,MILL FEED CONVEYOR FEED CHUTE FROM EMERGENCY STOCKPILE,Critical 2
120-PP-01,120.0,CRUSHING AREA SUMP PUMP,Critical 3
120-PP-02,120.0,TRANSFER TOWER SUMP PUMP,Critical 3
120-CV-01,120.0,CRUSHED ORE CONVEYOR,Critical 1
120-MS-01,120.0,MAGNET SEPARATOR,Critical 2
120-DVC-01,120.0,DIVERTER CHUTE,Critical 2
120-CV-02,120.0,MILL FEED CONVEYOR,Critical 1
120-MD-01,120.0,CRUSHED ORE METAL DETECTOR,Non Critical
120-WT-01,120.0,CRUSHED ORE WEIGHTOMETER,Critical 1
120-MD-02,120.0,MILL FEED METAL DETECTOR,Non Critical
120-CV-03,120.0,EMERGENCY STOCKPILE CONVEYOR,Critical 1
120-WT-02,120.0,MILL FEED WEIGHTOMETER,Critical 1
120-SH-01,120.0,SAFETY SHOWER & EYEWASH FOR CRUSHING AREA,Non Critical
130-ML-01,130.0,SAG MILL,Critical 1
130-HO-01,130.0,SAG MILL BALL KIBBLE HOIST,Critical 3
130-SC-01,130.0,VIBRATING SCREEN,Critical 1
130-KB-01,130.0,KIBBLE BALL BUCKET FOR SAG MILL,Non Critical
130-FED-01,130.0,BALL FEEDER FOR SAG MILL,Critical 2
130-CV-01,130.0,VIBRATING SCREEN OVERSIZE CONVEYOR,Critical 1
130-WT-01,130.0,VIBRATING SCREEN OVERSIZE WEIGHTOMETER,Critical 3
130-CH-01,130.0,SAG MILL FEED CHUTE,Critical 1
130-HOP-01,130.0,SAG MILL DISCHARGE HOPPER,Critical 1
130-HOP-02,130.0,VIBRATING SCREEN UNDERSIZE HOPPER,Critical 1
130-HOP-03,130.0,VIBRATING SCREEN OVERSIZE HOPPER,Critical 1
130-CH-02,130.0,SCAT STOCKPILE  FEED CHUTE,Critical 1
130-PP-01,130.0,SAG MILL AREA SUMP PUMP,Critical 2
130-CY-01,130.0,CYCLONE CLUSTER,Critical 1
130-CH-10,130.0,CYCLONE CLUSTER DISCHARGE CHUTE,Critical 1
130-PP-06,130.0,GRAVITY AREA SUMP PUMP 02,Non Critical
130-PP-02,130.0,GRAVITY AREA SUMP PUMP 01,Non Critical
130-GMT-01,130.0,GEMINI TABLE CONCENTRATE,Non Critical
130-TK-01,130.0,GEMINI TABLE CONCENTRATE STORAGE TANK,Non Critical
130-MS-01,130.0,MAGNET SEPARATOR,Non Critical
130-HOP-04,130.0,CONCENTRATE HOPPER,Non Critical
130-KC-01,130.0,GRAVITY CONCENTRATOR,Non Critical
130-DM-01,130.0,MAGNETICS DRUM,Non Critical
130-SC-03,130.0,SCALPING SCREEN UNDERSIZE CHUTE,Non Critical
130-CH-03,130.0,SCALPING SCREEN FEED CHUTE,Non Critical
130-CH-04,130.0,SCALPING SCREEN OVERSIZE CHUTE,Non Critical
130-CH-05,130.0,SCALPING SCREEN OVERSIZE CHUTE,Non Critical
130-HO-02,130.0,BALL MILL BALL KIBBLE HOIST,Critical 3
130-SC-02,130.0,TRASH SCREEN,Critical 1
130-CH-06,130.0,TRASH SCREEN FEED CHUTE,Critical 1
130-CH-07,130.0,TRASH SCREEN DISCHARGE CHUTE,Critical 1
130-CH-08,130.0,TRASH SCREEN OVERSIZE CHUTE,Critical 1
130-CH-09,130.0,BALL MILL DISCHARGE CHUTE,Critical 1
130-TR-01,130.0,BALL MILL TROMMEL SCREEN,Critical 1
130-ML-02,130.0,BALL MILL,Critical 1
130-PP-03,130.0,MILL DISCHARGE PUMP 01,Critical 2
130-PP-04,130.0,MILL DISCHARGE PUMP 02,Critical 2
130-SU-01,130.0,MILL SUMP HOPPER,Critical 1
130-PP-05,130.0,BALL MILL AREA SUMP PUMP,Critical 2
130-FED-02,130.0,BALL FEEDER FOR BALL  MILL 01,Critical 3
130-FED-03,130.0,BALL FEEDER FOR BALL  MILL 02,Critical 3
130-SA-01,130.0,AUTO BOX-TYPE SAMPLER FOR MILL TRASH UNDERSIZE,Non Critical
130-BU-01,130.0,GROUND BALL COLLECTION  HOPPER,Critical 3
130-BU-02,130.0,TRASH COLLECTION HOPPER,Non Critical
130-SH-01,130.0,SAFETY SHOWER & EYEWASH FOR PRIMARY GRINDING,Non Critical
130-SH-02,130.0,SAFETY SHOWER & EYEWASH FOR GRAVITY PROCESS,Non Critical
170-BX-01,130.0,PRE-LEACH FEED THICKENER DISTRIBUTION BOX,Critical 1
170-PP-01,170.0,PRE-LEACH FEED THICKENER AREA SUMP PUMP,Critical 3
170-PP-02,170.0,PRE-LEACH THICKENER UNDERFLOW PUMP 01,Critical 2
170-PP-03,170.0,PRE-LEACH THICKENER UNDERFLOW PUMP 02,Critical 2
170-TK-09,170.0,PRE-LEACH THICKENER OVERFLOW TANK,Critical 1
170-PP-04,170.0,PRE-LEACH THICKENER OVERFLOW PUMP 01,Critical 2
170-PP-05,170.0,PRE-LEACH THICKENER OVERFLOW PUMP 02,Critical 2
170-BX-02,170.0,CIL DISTRIBUTION BOX,Critical 1
170-PP-06,170.0,CIL AREA SUMP PUMP 01,Critical 3
170-PP-07,170.0,CIL AREA SUMP PUMP 02,Critical 3
170-TK-01,170.0,LEACHING TANK 01,Critical 1
170-TK-02,170.0,LEACHING TANK 02,Critical 1
170-TK-03,170.0,CIP TANK 01,Critical 1
170-TK-04,170.0,CIP TANK 02,Critical 1
170-AG-01,170.0,LEACHING TANK AGITATOR 01,Critical 1
170-AG-02,170.0,LEACHING TANK AGITATOR 02,Critical 1
170-AG-03,170.0,CIP TANK AGITATOR 01,Critical 1
170-AG-04,170.0,CIP TANK AGITATOR 02,Critical 1
170-SC-02,170.0,CIP TANK INTERTANK SCREEN 01,Critical 2
170-SC-03,170.0,CIP TANK INTERTANK SCREEN 02,Critical 2
170-TK-05,170.0,CIP TANK-03,Critical 1
170-TK-06,170.0,CIP TANK-04,Critical 1
170-TK-07,170.0,CIP TANK-05,Critical 1
170-TK-08,170.0,CIP TANK-06,Critical 1
170-AG-05,170.0,CIP TANK AGITATOR 03,Critical 1
170-AG-06,170.0,CIP TANK AGITATOR 04,Critical 1
170-AG-07,170.0,CIP TANK AGITATOR 05,Critical 1
170-AG-08,170.0,CIP TANK AGITATOR 06,Critical 1
170-SC-04,170.0,CIP TANK INTERTANK SCREEN 03,Critical 2
170-SC-05,170.0,CIP TANK INTERTANK SCREEN 04,Critical 2
170-SC-06,170.0,CIP TANK INTERTANK SCREEN 05,Critical 2
170-SC-07,170.0,CIP TANK INTERTANK SCREEN 06,Critical 2
170-SC-08,170.0,CARBON SAFETY SCREEN,Critical 1
170-HOP-01,170.0,CIP RESIDUE HOPPER,Critical 3
170-HOP-06,170.0,CARBON SAFETY SCREEN DISCHARGE HOPPER,Critical 1
170-HOP-07,170.0,CARBON SAFETY SCREEN OVERSIZE HOPPER,Critical 1
170-PP-08,170.0,CIP RESIDUE TRANSFER PUMP 01,Critical 2
170-PP-09,170.0,CIP RESIDUE TRANSFER PUMP 02,Critical 2
170-CH-02,170.0,CARBON SAFETY SCREEN FEED CHUTE,Critical 1
170-SA-01,170.0,AUTO BOX-TYPE SAMPLER FOR CIL LEACH TAIL,Non Critical
170-HOP-08,170.0,FINE CARBON  HOPPER,Critical 3
170-SH-01,170.0,SAFETY SHOWER & EYEWASH FOR CIL AREA 01,Non Critical
170-SH-02,170.0,SAFETY SHOWER & EYEWASH FOR CIL AREA 02,Non Critical
170-SH-03,170.0,SAFETY SHOWER & EYEWASH FOR CIL AREA 03,Non Critical
170-CDM-01,170.0,LEACH AUTOMATIC REAGENT ADDING DEVICE,Critical 1
140-TK-01,140.0,PAX MIXING TANK,Critical 1
140-AG-01,140.0,PAX MIXING TANK AGITATOR,Critical 1
140-TK-02,140.0,REAGENT TRIAL TANK,Critical 1
140-AG-02,140.0,REAGENT TRIAL TANK AGITATOR,Critical 1
140-TK-03,140.0,CUSO4 MIXING TANK,Critical 1
140-AG-03,140.0,CUSO4 MIXING TANK AGITATOR,Critical 1
140-PP-11,140.0,FLOTATION REAGENT AREA  SUMP PUMP,Critical 3
140-HO-01,140.0,FLOTATION REAGENT HOIST,Critical 3
140-BBR-01,140.0,BAG BREAKER FOR PAX,Critical 2
140-BBR-02,140.0,BAG BREAKER FOR REAGENT TRIAL,Critical 2
140-BBR-03,140.0,BAG BREAKER FOR CUSO4,Critical 2
140-CDM-01,140.0,AUTOMATIC REAGENT ADDING DEVICE,Critical 1
140-SH-05,140.0,SAFETY SHOWER & EYEWASH FOR FLOTATION REAGENTS,Non Critical
140-AG-04,140.0,CONDITIONING TANK AGITATOR 01,Critical 1
140-TK-04,140.0,CONDITIONING TANK 01,Critical 1
140-AG-05,140.0,CONDITIONING TANK AGITATOR 02,Critical 1
140-TK-05,140.0,CONDITIONING TANK 02,Critical 1
140-PP-12,140.0,FLOTATION AREA SUMP PUMP,Critical 3
140-TK-06,140.0,ROUGHER FLOTATION TANK 01,Critical 1
140-TK-07,140.0,ROUGHER FLOTATION TANK 02,Critical 1
140-TK-08,140.0,ROUGHER FLOTATION TANK 03,Critical 1
140-TK-09,140.0,ROUGHER FLOTATION TANK 04,Critical 1
140-AG-06,140.0,ROUGHER FLOTATION TANK 01 AGITATOR,Critical 1
140-AG-07,140.0,ROUGHER FLOTATION TANK 02 AGITATOR,Critical 1
140-AG-08,140.0,ROUGHER FLOTATION TANK 03 AGITATOR,Critical 1
140-AG-09,140.0,ROUGHER FLOTATION TANK 04 AGITATOR,Critical 1
140-SA-01,140.0,AUTO BOX-TYPE SAMPLER FOR ROUGHER CONC,Critical 3
140-HOP-01,140.0,ROUGHER CONC. HOPPER,Critical 1
140-PP-13,140.0,ROUGHER CONC. PUMP 01,Critical 2
140-PP-14,140.0,ROUGHER CONC. PUMP 02,Critical 2
140-TK-10,140.0,SCAVENGER FLOTATION TANK 01,Critical 1
140-TK-11,140.0,SCAVENGER FLOTATION TANK 02,Critical 1
140-TK-12,140.0,SCAVENGER FLOTATION TANK 03,Critical 1
140-TK-13,140.0,SCAVENGER FLOTATION TANK 04,Critical 1
140-TK-14,140.0,SCAVENGER FLOTATION TANK 05,Critical 1
140-TK-15,140.0,SCAVENGER FLOTATION TANK 06,Critical 1
140-TK-16,140.0,SCAVENGER FLOTATION TANK 07,Critical 1
140-TK-17,140.0,SCAVENGER FLOTATION TANK 08,Critical 1
140-TK-18,140.0,SCAVENGER FLOTATION TANK 09,Critical 1
140-TK-19,140.0,SCAVENGER FLOTATION TANK 10,Critical 1
140-TK-20,140.0,SCAVENGER FLOTATION TANK 11,Critical 1
140-AG-10,140.0,SCAVENGER FLOTATION TANK 01 AGITATOR,Critical 1
140-AG-11,140.0,SCAVENGER FLOTATION TANK 02 AGITATOR,Critical 1
140-AG-12,140.0,SCAVENGER FLOTATION TANK 03 AGITATOR,Critical 1
140-AG-13,140.0,SCAVENGER FLOTATION TANK 04 AGITATOR,Critical 1
140-AG-14,140.0,SCAVENGER FLOTATION TANK 05 AGITATOR,Critical 1
140-AG-15,140.0,SCAVENGER FLOTATION TANK 06 AGITATOR,Critical 1
140-AG-16,140.0,SCAVENGER FLOTATION TANK 07 AGITATOR,Critical 1
140-AG-17,140.0,SCAVENGER FLOTATION TANK 08 AGITATOR,Critical 1
140-AG-18,140.0,SCAVENGER FLOTATION TANK 09 AGITATOR,Critical 1
140-AG-19,140.0,SCAVENGER FLOTATION TANK 10 AGITATOR,Critical 1
140-AG-20,140.0,SCAVENGER FLOTATION TANK 11 AGITATOR,Critical 1
140-HOP-08,140.0,SCAVENGER-01 CONC HOPPER,Critical 1
140-HOP-09,140.0,SCAVENGER-02 CONC HOPPER,Critical 1
140-HOP-10,140.0,SCAVENGER-03 CONC HOPPER,Critical 1
140-PP-15,140.0,SCAVENGER-01 CONC PUMP 01,Critical 2
140-PP-16,140.0,SCAVENGER-01 CONC PUMP 02,Critical 2
140-PP-17,140.0,SCAVENGER-02 CONC PUMP 01,Critical 2
140-PP-18,140.0,SCAVENGER-02 CONC PUMP 02,Critical 2
140-PP-19,140.0,SCAVENGER-03 CONC PUMP 01,Critical 2
140-PP-20,140.0,SCAVENGER-03 CONC PUMP 02,Critical 2
140-SA-02,140.0,AUTO BOX-TYPE SAMPLER FOR SCAVENGER 01 CONC.,Critical 3
140-SA-03,140.0,AUTO BOX-TYPE SAMPLER FOR SCAVENGER 02 CONC.,Critical 3
140-SA-04,140.0,AUTO BOX-TYPE SAMPLER FOR SCAVENGER 03 CONC.,Critical 3
140-SA-05,140.0,AUTO BOX-TYPE SAMPLER FOR FLOTATION TAIL,Critical 3
140-HOP-02,140.0,FLOTATION TAIL HOPPER,Critical 1
140-PP-21,140.0,FLOTATION TAIL PUMP 01,Critical 2
140-PP-22,140.0,FLOTATION TAIL PUMP 02,Critical 2
140-TK-21,140.0,CLEANER FLOTATION TANK 01,Critical 1
140-TK-22,140.0,CLEANER FLOTATION TANK 02,Critical 1
140-TK-23,140.0,CLEANER FLOTATION TANK 03,Critical 1
140-TK-24,140.0,CLEANER FLOTATION TANK 04,Critical 1
140-TK-25,140.0,CLEANER FLOTATION TANK 05,Critical 1
140-TK-26,140.0,CLEANER FLOTATION TANK 06,Critical 1
140-TK-27,140.0,CLEANER FLOTATION TANK 07,Critical 1
140-TK-28,140.0,CLEANER FLOTATION TANK 08,Critical 1
140-TK-29,140.0,CLEANER FLOTATION TANK 09,Critical 1
140-TK-30,140.0,CLEANER FLOTATION TANK 10,Critical 1
140-TK-31,140.0,CLEANER FLOTATION TANK 11,Critical 1
140-AG-21,140.0,CLEANER FLOTATION TANK  01 AGITATOR,Critical 1
140-AG-22,140.0,CLEANER FLOTATION TANK  02 AGITATOR,Critical 1
140-AG-23,140.0,CLEANER FLOTATION TANK  03 AGITATOR,Critical 1
140-AG-24,140.0,CLEANER FLOTATION TANK  04 AGITATOR,Critical 1
140-AG-25,140.0,CLEANER FLOTATION TANK  05 AGITATOR,Critical 1
140-AG-26,140.0,CLEANER FLOTATION TANK  06 AGITATOR,Critical 1
140-AG-27,140.0,CLEANER FLOTATION TANK  07 AGITATOR,Critical 1
140-AG-28,140.0,CLEANER FLOTATION TANK  08 AGITATOR,Critical 1
140-AG-29,140.0,CLEANER FLOTATION TANK  09 AGITATOR,Critical 1
140-AG-30,140.0,CLEANER FLOTATION TANK  10 AGITATOR,Critical 1
140-AG-31,140.0,CLEANER FLOTATION TANK  11 AGITATOR,Critical 1
140-SA-06,140.0,AUTO BOX-TYPE SAMPLER FOR CLEANER 01 TAIL,Critical 3
140-SA-07,140.0,AUTO BOX-TYPE SAMPLER  FOR FINAL CONC.,Critical 3
140-HOP-03,140.0,CLEANER STAGE 01 FOAM HOPPER,Critical 1
140-HOP-04,140.0,CLEANER STAGE 02 FOAM HOPPER,Critical 1
140-HOP-05,140.0,CLEANER STAGE 03 FOAM HOPPER,Critical 1
140-HOP-06,140.0,CLEANER STAGE 01 TAIL HOPPER,Critical 1
140-PP-23,140.0,CLEANER STAGE 01 TAIL PUMP 01,Critical 2
140-PP-24,140.0,CLEANER STAGE 01 TAIL PUMP 02,Critical 2
140-HOP-07,140.0,FINAL CONCENTRATE HOPPER,Critical 1
140-PP-25,140.0,FINAL CONCENTRATE PUMP 01,Critical 2
140-PP-26,140.0,FINAL CONCENTRATE PUMP 02,Critical 2
140-PP-36,140.0,SEWAGE PUMP FOR EMERGENCY POND 01,Critical 3
140-PP-37,140.0,SEWAGE PUMP FOR EMERGENCY POND 02,Critical 3
140-TH-01,140.0,FLOTATION CONCENTRATE THICKENER,Critical 1
140-TK-32,140.0,CONCENTRATE THICKENER OVERFLOW TANK,Critical 1
140-PP-27,140.0,CONCENTRATE THICK OVERFLOW PUMP 01,Critical 2
140-PP-28,140.0,CONCENTRATE THICK OVERFLOW PUMP 01,Critical 2
140-PP-29,140.0,CONCENTRATE THICK UNDERFLOW PUMP 01,Critical 2
140-PP-30,140.0,CONCENTRATE THICK UNDERFLOW PUMP 02,Critical 2
140-PP-31,140.0,CONCENTRATE THICKENER SUMP PUMP,Critical 3
140-BX-01,140.0,CERAMIC FILTER FEED DISTRIBUTION BOX,Critical 1
140-BFT-01,140.0,CERAMIC FILTER 01,Critical 1
140-BFT-02,140.0,CERAMIC FILTER 02,Critical 1
140-BFT-PP-01,140.0,CERAMIC FILTER VACCUUM PUMP 01,Critical 1
140-BFT-PP-02,140.0,CERAMIC FILTER VACCUUM PUMP 02,Critical 1
140-BFT-AR-01,140.0,CERAMIC FILTER DRAIN TANK 01,Critical 1
140-BFT-AR-02,140.0,CERAMIC FILTER DRAIN TANK 02,Critical 1
140-BFT-TK-01,140.0,CERAMIC FILTER DILUTE ACID TANK 01,Critical 3
140-BFT-TK-02,140.0,CERAMIC FILTER DILUTE ACID TANK 02,
140-BFT-PP-03,140.0,CERAMIC FILTER DOSSING ACID PUMP 01,Critical 3
140-BFT-PP-04,140.0,CERAMIC FILTER DOSSING ACID PUMP 02,
140-BFT-CP-01,140.0,CERAMIC FILTER COMPRESSOR,Critical 1
140-BFT-FL-01,140.0,CERAMIC FILTER BACKWASH FILTER 01,
140-BFT-FL-02,140.0,CERAMIC FILTER BACKWASH FILTER 01,
140-CH-05,140.0,CERAMIC FILTER 01 DISCHARGE CHUTE,Critical 1
140-CH-06,140.0,CERAMIC FILTER 02 DISCHARGE CHUTE,Critical 1
140-PP-32,140.0,FILTRATE CERAMIC FILTER PUMP 01,Critical 2
140-PP-33,140.0,FILTRATE CERAMIC FILTER PUMP 02,Critical 2
140-PP-34,140.0,CERAMIC FILTER SUMP PUMP 01,Critical 2
140-PP-35,140.0,CERAMIC FILTER SUMP PUMP 02,Critical 2
140-CN-01,140.0,ELECTRIC OVERHEAD TRAVELLING GRAB CRANE 01,Critical 2
140-CN-02,140.0,ELECTRIC OVERHEAD TRAVELLING GRAB CRANE 02,Critical 2
140-SH-01,140.0,SAFETY SHOWER & EYEWASH FOR FLOTATION AREA 01,Non Critical
140-SH-02,140.0,SAFETY SHOWER & EYEWASH FOR FLOTATION AREA 02,Non Critical
140-SH-03,140.0,SAFETY SHOWER & EYEWASH FOR FLOTATION AREA 03,Non Critical
140-SH-04,140.0,SAFETY SHOWER & EYEWASH FOR FLOTATION CONCENTRTATION DEWATERING,Non Critical
150-TK-01,150.0,SLURRY MAKING TANK 01,Critical 1
150-AG-01,150.0,SLURRY MAKING TANK AGITATOR 01,Critical 1
150-TK-02,150.0,SLURRY MAKING TANK 02,Critical 1
150-AG-02,150.0,SLURRY MAKING TANK AGITATOR 02,Critical 1
150-SC-01,150.0,LINE VIBRATING SCREEN 01,Critical 1
150-WT-01,150.0,WEIGHT FOR ROASTING FEED  01,Critical 1
150-WT-02,150.0,WEIGHT FOR ROASTING FEED  02,Critical 1
150-SC-02,150.0,LINE VIBRATING SCREEN 02,Critical 1
150-TK-03,150.0,STORAGE AGITATING TANK 01,Critical 1
150-BX-02,150.0,TRASH COLLECTION BOX 01,Non Critical
150-BX-03,150.0,TRASH COLLECTION BOX 02,Non Critical
150-HOP-01,150.0,LINE VIBRATING SCREEN UNDERSIZE HOPPER 01,Critical 1
150-HOP-02,150.0,LINE VIBRATING SCREEN UNDERSIZE HOPPER 02,Critical 1
150-AG-03,150.0,STORAGE AGITATING TANK AGITATOR 01,Critical 1
150-TK-04,150.0,STORAGE AGITATING TANK 02,Critical 1
150-AG-04,150.0,STORAGE AGITATING TANK AGITATOR 02,Critical 1
150-PP-01,150.0,PERISTALTIC PUMP FOR STORAGE AGITATING TANK 01,Critical 2
150-PP-02,150.0,PERISTALTIC PUMP FOR STORAGE AGITATING TANK 02,Critical 2
150-TK-05,150.0,BUFFER AGITATING TANK,Critical 1
150-AG-05,150.0,BUFFER AGITATING TANK AGITATOR,Critical 1
150-PP-03,150.0,PERISTALTIC PUMP FOR BUFFER AGITATING TANK 01,Critical 2
150-PP-04,150.0,PERISTALTIC PUMP FOR BUFFER AGITATING TANK 02,Critical 2
150-PP-05,150.0,SUMP PUMP SLURRY MAKING,Critical 3
150-BX-01,150.0,DISTRIBUTION BOX,Critical 1
150-FBR-01,150.0,FLUIDIZED BED REACTOR,Critical 1
150-SAC-01,150.0,STAR TYPE ASH DISCHARGER,Critical 1
150-BWR-01,150.0,ROASTER BLOWER 01,Critical 2
150-BWR-02,150.0,ROASTER BLOWER 02,Critical 2
150-BUR-01,150.0,BURNER 01,Critical 1
150-BUR-02,150.0,BURNER 02,Critical 1
150-BUR-03,150.0,BURNER 03,Critical 1
150-BUR-04,150.0,BURNER 04,Critical 1
150-BWR-03,150.0,BURNER BLOWER,Critical 1
150-CLR-01,150.0,SURFACE COOLER,Critical 1
150-OSC-01,150.0,OVERFLOW SCREW CONVEYOR 01,Critical 1
150-OSC-02,150.0,OVERFLOW SCREW CONVEYOR 02,Critical 1
150-CY-01,150.0,CYCLONE DUST COLLECTOR,Critical 1
150-OSC-03,150.0,OVERFLOW SCREW CONVEYOR 03,Critical 1
150-ESP-01,150.0,ELECTROSTATIC PRECIPITATOR,Critical 1
150-ESP-VB-01,150.0,WALL VIBRATOR 01,Critical 1
150-ESP-VB-02,150.0,WALL VIBRATOR 02,Critical 1
150-ESP-VB-03,150.0,WALL VIBRATOR 03,Critical 2
150-ESP-VB-04,150.0,WALL VIBRATOR 04,Critical 2
150-ESP-VB-05,150.0,WALL VIBRATOR 05,Critical 1
150-ESP-VB-06,150.0,WALL VIBRATOR 06,Critical 2
150-ESP-VB-07,150.0,WALL VIBRATOR 07,Critical 1
150-ESP-VB-08,150.0,WALL VIBRATOR 08,Critical 2
150-ESP-VB-09,150.0,WALL VIBRATOR 09,Critical 1
150-ESP-VB-10,150.0,WALL VIBRATOR 10,Critical 2
150-ESP-SR-01,150.0,GAS DISTRIBUTION SCREEN RAPPING,Critical 1
150-ESP-CR-01,150.0,COLLECTING ELECTRODE (CE) RAPPING 01,Critical 1
150-ESP-CR-02,150.0,COLLECTING ELECTRODE (CE) RAPPING 02,Critical 1
150-ESP-CR-03,150.0,COLLECTING ELECTRODE (CE) RAPPING 03,Critical 1
150-ESP-CR-04,150.0,COLLECTING ELECTRODE (CE) RAPPING 04,Critical 1
150-ESP-TF-01,150.0,HV RECTIVIER TRANSFORMATOR 01,Critical 1
150-ESP-TF-02,150.0,HV RECTIVIER TRANSFORMATOR 02,Critical 1
150-ESP-TF-03,150.0,HV RECTIVIER TRANSFORMATOR 03,Critical 1
150-ESP-TF-04,150.0,HV RECTIVIER TRANSFORMATOR 04,Critical 1
150-ESP-DR-01,150.0,DISCHARGE ELECTRODE (DE) RAPPING 01,Critical 1
150-ESP-DR-02,150.0,DISCHARGE ELECTRODE (DE) RAPPING 02,Critical 2
150-ESP-DR-03,150.0,DISCHARGE ELECTRODE (DE) RAPPING 03,Critical 1
150-ESP-DR-04,150.0,DISCHARGE ELECTRODE (DE) RAPPING 04,Critical 2
150-ESP-DR-05,150.0,DISCHARGE ELECTRODE (DE) RAPPING 05,Critical 1
150-ESP-DR-06,150.0,DISCHARGE ELECTRODE (DE) RAPPING 06,Critical 2
150-ESP-DR-07,150.0,DISCHARGE ELECTRODE (DE) RAPPING 07,Critical 1
150-ESP-DR-08,150.0,DISCHARGE ELECTRODE (DE) RAPPING 08,Critical 2
150-OSC-04,150.0,OVERFLOW SCREW CONVEYOR 04 CYCLONE,Critical 1
150-OSC-05,150.0,OVERFLOW SCREW CONVEYOR 05 ESP,Critical 1
150-OSC-06,150.0,OVERFLOW SCREW CONVEYOR 06 ESP,Critical 1
150-OSC-07,150.0,OVERFLOW SCREW CONVEYOR 07 ESP,Critical 1
150-OSC-08,150.0,OVERFLOW SCREW CONVEYOR 08 ESP,Critical 1
150-OSC-09,150.0,OVERFLOW SCREW CONVEYOR 09 ESP,Critical 1
150-HO-01,150.0,HOIST FOR ROASTING BLOWER ROOM,Critical 3
150-EST-01,150.0,EMBEDDED SCRAPER TRANSPORTER 01,Critical 1
150-EST-02,150.0,EMBEDDED SCRAPER TRANSPORTER 02,Critical 1
150-SH-01,150.0,SAFETY SHOWER & EYEWASH FOR FBR AREA,Non Critical
155-SCR-01,155.0,SCRUBBER,Critical 1
155-TOW-01,155.0,PACKING TOWER,Critical 1
155-WEP-01,155.0,ELECTROSTATIC MIST PRECIPITATOR 01,Critical 1
155-WEP-02,155.0,ELECTROSTATIC MIST PRECIPITATOR 02,Critical 1
155-STL-01,155.0,FBL FILTERING SETTLER,Critical 1
155-TOW-02,155.0,WEAK ACID DESORPTION TOWER,Critical 1
155-WAS-01,155.0,SAFETY WATER SEAL,Critical 1
155-TK-01,155.0,EMERGENCY HEAD TANK,Critical 1
155-TK-02,155.0,SURFACE LIQUID STORAGE TANK,Critical 1
155-HX-01,155.0,WEAK ACID PLATE HEAT EXCHANGER,Critical 1
155-WAP-01,155.0,SCRUBBER CIRCULATING PUMP 01,Critical 2
155-WAP-02,155.0,SCRUBBER CIRCULATING PUMP 02,Critical 2
155-WAP-03,155.0,WEAK ACID CIRCULATING PUMP FOR PACKING TOWER 01,Critical 2
155-WAP-04,155.0,WEAK ACID CIRCULATING PUMP FOR PACKING TOWER 02,Critical 2
155-WAP-05,155.0,OVERLFOW ACID CIRCULATING PUMP 01,Critical 2
155-WAP-06,155.0,OVERLFOW ACID CIRCULATING PUMP 02,Critical 2
155-WAP-07,155.0,UNDERFLOW PUMP 01,Critical 2
155-WAP-08,155.0,UNDERFLOW PUMP 02,Critical 2
155-WAP-09,155.0,WEAK ACID TRANSFER PUMP 01,Critical 2
155-WAP-10,155.0,WEAK ACID TRANSFER PUMP 02,Critical 2
155-WAP-11,155.0,DIRTY ACID TRANSFER PUMP,Critical 1
155-AG-01,155.0,ACIDIC SLURRY AGITATOR,Critical 1
155-TOW-03,155.0,DRYING TOWER,Critical 1
155-TOW-04,155.0,INTERMEDIATE ABSORBING TOWER,Critical 1
155-TOW-05,155.0,FINAL ABSORBING TOWER,Critical 1
155-APS-01,155.0,CIRCULATING ACID PUMP FOR DRYING TOWER,Critical 1
155-APS-02,155.0,CIRCULATING ACID PUMP FOR INTERMEDIATE ABSORBING TOWER 01,Critical 1
155-APS-03,155.0,CIRCULATING ACID PUMP FOR FINAL ABSORBING TOWER,Critical 1
155-APS-04,155.0,CIRCULATING ACID PUMP FOR INTERMEDIATE ABSORBING TOWER 02,Critical 2
155-APS-05,155.0,STRONG ACID TRANSFER PUMP FOR UNDERGROUND ACID TANK 01,Critical 1
155-APS-06,155.0,STRONG ACID TRANSFER PUMP FOR UNDERGROUND ACID TANK 02,Critical 2
155-HO-01,155.0,ELECTRIC HOIST FOR CIRCULATING ACID TANK AREA,Critical 3
155-TK-03,155.0,CIRCULATING ACID TANK FOR DRYING TOWER,Critical 1
155-TK-04,155.0,CIRCULATING ACID TANK FOR INTERMEDIATER ABSORBING TOWER,Critical 1
155-TK-05,155.0,CIRCULATING ACID TANK FOR FINAL ABSORBING TOWER,Critical 1
155-TK-06,155.0,UNDERGROUND ACID TANK,Critical 1
155-HX-02,155.0,PLATE HEAT EXCHANGER FOR DRYING TOWER ACID,Critical 1
155-HX-03,155.0,PLATE HEAT EXCHANGER FOR INTERMEDIATE ABSORBING TOWER ACID,Critical 1
155-HX-04,155.0,PLATE HEAT EXCHANGER FOR FINAL ABSORBGING TOWER ACID,Critical 1
155-HX-05,155.0,PLATE HEAT EXCHANGER FOR ACID PRODUCT,Critical 1
155-WAP-12,155.0,SEWAGE PUMP,Critical 2
155-TOW-06,155.0,VOID TOWER,Critical 1
155-WAP-13,155.0,CIRCULATING PUMP FOR VOID TOWER 01,Critical 2
155-WAP-14,155.0,CIRCULATING PUMP FOR VOID TOWER 02,Critical 2
155-TK-07,155.0,ALKALI STORAGE TANK,Critical 1
155-CHM-01,155.0,CHIMNEY,Critical 1
155-BWR-01,155.0,SO2 BLOWER 01,Critical 2
155-BWR-02,155.0,SO2 BLOWER 02,Critical 2
155-HO-02,155.0,ELECTRIC HOIST FOR CONVERTER AREA,Critical 3
155-CVT-01,155.0,CONVERTER,Critical 1
155-HX-06,155.0,GAS-TO-GAS HEAT EXCHANGER 01,Critical 1
155-HX-07,155.0,GAS-TO-GAS HEAT EXCHANGER 02,Critical 1
155-HX-08,155.0,GAS-TO-GAS HEAT EXCHANGER 03,Critical 1
155-HX-09,155.0,GAS-TO-GAS HEAT EXCHANGER 04,Critical 1
155-HX-10,155.0,GAS-TO-GAS HEAT EXCHANGER 05A,Critical 1
155-HX-11,155.0,GAS-TO-GAS HEAT EXCHANGER 05B,Critical 1
155-HTR-01,155.0,ELECTRIC HEATING FURNACE FOR CONVERSION STAGE 01,Critical 1
155-HTR-02,155.0,ELECTRIC HEATING FURNACE FOR CONVERSION STAGE 02,Critical 1
155-CN-01,155.0,ELECTRIC SINGLE BEAM CRANE FOR BLOWER AREA,Critical 3
155-CN-01B,155.0,LONG TRAVEL GIRDER GEAR MOTOR FOR BLOWER AREA,Critical 3
155-TK-08,155.0,STRONG ACID STORAGE TANK 01,Critical 1
155-TK-09,155.0,STRONG ACID STORAGE TANK 02,Critical 1
155-TK-10,155.0,UNDERGROUND STRONG ACID TANK,Non Critical
155-TK-11,155.0,METERING HEAD TANK 01,Non Critical
155-TK-12,155.0,METERING HEAD TANK 02,Non Critical
155-APS-07,155.0,UNDERGROUND STRONG ACID TANK PUMP,Non Critical
155-WAP-15,155.0,SEWAGE PUMP,Critical 2
155-COT-01,155.0,COOLING TOWER 01,Critical 2
155-COT-02,155.0,COOLING TOWER 02,Critical 2
155-PP-01,155.0,COOLING WATER CIRCULATING PUMP 01,Critical 1
155-PP-02,155.0,COOLING WATER CIRCULATING PUMP 02,Critical 2
155-PP-03,155.0,COOLING WATER CIRCULATING PUMP 03,Critical 2
155-TK-13,155.0,FLOCCULANT TANK,Critical 1
155-AG-02,155.0,FLOCCULANT TANK AGITATOR,Critical 1
155-SH-01,155.0,SAFETY SHOWER & EYEWASH FOR ACID PLANT AREA 01,Non Critical
155-SH-02,155.0,SAFETY SHOWER & EYEWASH FOR ACID PLANT AREA 02,Non Critical
155-SH-03,155.0,SAFETY SHOWER & EYEWASH FOR ACID PLANT AREA 03,Non Critical
160-TK-01,160.0,CALCINE ACID LEACH TANK  01,Critical 1
160-TK-02,160.0,CALCINE ACID LEACH TANK  02,Critical 1
160-AG-01,160.0,CALCINE ACID LEACH TANK AGITATOR 01,Critical 1
160-AG-02,160.0,CALCINE ACID LEACH TANK AGITATOR 02,Critical 1
160-DU-01,160.0,DUST EXTRACTOR,Critical 1
160-PP-04,160.0,CALCINE ACID LEACHING AREA SUMP PUMP 01,Critical 1
160-PP-05,160.0,CALCINE ACID LEACHING AREA SUMP PUMP 02,Critical 1
160-PP-01,160.0,ACID WASH THICKENER FEED PUMP 01,Critical 2
160-PP-02,160.0,ACID WASH THICKENER FEED PUMP 02,Critical 2
160-HO-01,160.0,ELECTRIC HOIST FOR ACID LEACHING AREA,Critical 3
160-TK-08,160.0,OVERFLOW CALCINE ACID THICKENER TANK,Critical 1
160-PP-13,160.0,CALCINE ACID THICKENER OVERFLOW PUMP 01,Critical 2
160-PP-14,160.0,CALCINE ACID THICKENER OVERFLOW PUMP 02,Critical 2
160-PP-06,160.0,CALCINE THICKENER AREA SUMP PUMP,Critical 3
160-PP-07,160.0,ACID WASH FILTER AREA SUMP PUMP 01,Critical 3
160-PP-08,160.0,ACID WASH FILTER AREA SUMP PUMP 02,Critical 3
160-PP-09,160.0,BELT FILTER FEED PUMP 01,Critical 2
160-PP-10,160.0,BELT FILTER FEED PUMP 02,Critical 2
160-BLT-01,160.0,CALCINE BELT FILTER 01,Critical 1
160-BLT-02,160.0,CALCINE BELT FILTER 02,Critical 1
160-BLT-,,,
,,TOTAL,Critical 1
160-CN-01,160.0,ELECTRIC SINGLE BEAM CRANE FOR BELT FILTER,Critical 3
160-CN-01B,160.0,LONG TRAVEL GIRDER GEAR MOTOR FOR BELT FILTER,Critical 3
160-CH-07,160.0,BELT FILTER DISCHARGE CHUTE 01,Critical 1
160-CH-08,160.0,BELT FILTER DISCHARGE CHUTE 02,Critical 1
160-TK-05,160.0,HIGH DENSITY AGITATION TANK 01,Critical 1
160-TK-06,160.0,HIGH DENSITY AGITATION TANK 02,Critical 1
160-AG-03,160.0,HIGH DENSITY AGITATION TANK AGITATOR 01,Critical 1
160-AG-04,160.0,HIGH DENSITY AGITATION TANK AGITATOR 02,Critical 1
160-TK-07,160.0,CALCINE REGRIND CYCLONE FEED TANK,Critical 1
160-AG-05,160.0,CALCINE REGRIND CYCLONE FEED TANK AGITATOR,Critical 1
160-BX-02,160.0,FILTRATE PUMP BOX,Critical 1
160-PP-11,160.0,FILTRATE PUMP 01,Critical 2
160-PP-12,160.0,FILTRATE PUMP 02,Critical 2
160-ML-01,160.0,VERTICAL MILL,Critical 1
160-CY-01,160.0,CALCINE REGRIND CYCLONE,Critical 1
160-KB-01,160.0,KIBBLE BALL BUCKET FOR VERTICAL MILL,Critical 3
160-CH-01,160.0,CALCINE REGRIND CYCLONE DISCHARGE CHUTE,Critical 1
160-PP-15,160.0,CALCINE REGRIND CYCLONE CYCLONE FEED PUMP 01,Critical 2
160-PP-16,160.0,CALCINE REGRIND CYCLONE CYCLONE FEED PUMP 02,Critical 2
160-PP-24,160.0,CALCINE REGRINDING AREA SUMP PUMP,Critical 3
160-BX-01,160.0,BELT FILTER FEED DISTRIBUTION BOX,Critical 1
160-SH-01,160.0,SAFETY SHOWER & EYEWASH FOR CALCINE PRE-TREATMENT,Non Critical
160-SH-02,160.0,SAFETY SHOWER & EYEWASH FOR REGRINDING,Non Critical
160-TK-09,160.0,CALCINE LEACH FEED THICKENER O/F TANK,Critical 1
160-PP-17,160.0,THICKENER BEFORE CALCINE LEACH O/F PUMP 01,Critical 2
160-PP-18,160.0,THICKENER BEFORE CALCINE LEACH O/F PUMP 02,Critical 2
160-PP-03,160.0,THICKENER BEFORE CALCINE LEACH AREA SUMP PUMP,Critical 3
160-PP-19,160.0,INTENSIVE CIL FEED PUMP 01,Critical 2
160-PP-20,160.0,INTENSIVE CIL FEED PUMP 02,Critical 2
160-AG-06,160.0,INTENSIVE CIL TANK 01 AGITATOR,Critical 1
160-AG-07,160.0,INTENSIVE CIL TANK 02 AGITATOR,Critical 1
160-AG-08,160.0,INTENSIVE CIP TANK 01 AGITATOR,Critical 1
160-AG-09,160.0,INTENSIVE CIP TANK 02 AGITATOR,Critical 1
160-AG-10,160.0,INTENSIVE CIP TANK 03 AGITATOR,Critical 1
160-AG-11,160.0,INTENSIVE CIP TANK 04 AGITATOR,Critical 1
160-TK-10,160.0,INTENSIVE CIL TANK 01,Critical 1
160-TK-11,160.0,INTENSIVE CIL TANK 02,Critical 1
160-TK-12,160.0,INTENSIVE CIP TANK 01,Critical 1
160-TK-13,160.0,INTENSIVE CIP TANK 02,Critical 1
160-TK-14,160.0,INTENSIVE CIP TANK 03,Critical 1
160-TK-15,160.0,INTENSIVE CIP TANK 04,Critical 1
160-SC-01,160.0,INTENSIVE CIP TANK 01 INTERTANK SCREEN,Critical 2
160-SC-02,160.0,INTENSIVE CIP TANK 02 INTERTANK SCREEN,Critical 2
160-SC-03,160.0,INTENSIVE CIP TANK 03 INTERTANK SCREEN,Critical 2
160-SC-04,160.0,INTENSIVE CIP TANK 04 INTERTANK SCREEN,Critical 2
160-HOP-01,160.0,INTENSIVE CILTAIL HOPPER,Critical 1
160-PP-21,160.0,INTENSIVE CIL TAILING PUMP 01,Critical 2
160-PP-22,160.0,INTENSIVE CIL TAILING PUMP 02,Critical 2
160-PP-23,160.0,INTENSIVE CIL AREA SUMP PUMP,Critical 3
160-CH-06,160.0,BARREN CARBON SCREEN FEED CHUTE,Critical 2
160-SC-05,160.0,BARREN CARBON SCREEN,Critical 2
160-CH-02,160.0,BARREN CARBON SCREEN OVERSIZE CHUTE,Critical 2
160-CH-03,160.0,BARREN CARBON SCREEN UNDERSIZE CHUTE,Critical 2
160-SC-06,160.0,CALCINE LOADED CARBON SCREEN,Critical 2
160-CH-04,160.0,CALCINE LOADED CARBON SCREEN OVERSIZE CHUTE,Critical 2
160-CH-05,160.0,CALCINE LOADED CARBON SCREEN UNDERSIZE CHUTE,Critical 2
160-BX-03,160.0,INTENSIVE CIL DISTRIBUTION BOX,Critical 1
160-ALT-01,160.0,AIR LIFTER IN CALCINE INTENSIVE CIP TANK 01,Critical 1
160-ALT-02,160.0,AIR LIFTER IN CALCINE INTENSIVE CIP TANK 02,Critical 1
160-ALT-03,160.0,AIR LIFTER IN CALCINE INTENSIVE CIP TANK 03,Critical 1
160-ALT-04,160.0,AIR LIFTER IN CALCINE INTENSIVE CIP TANK 04,Critical 1
160-HOP-02,160.0,INTENSIVE CIL TAIL SAMPLER FEED HOPPER,Critical 1
160-CDM-01,160.0,INTENSIVE CALCINE LEACH AUTOMATIC REAGENT ADDING DEVICE,Critical 1
160-SA-01,160.0,AUTO BOX-TYPE SAMPLER FOR CALCINE REGRIND CYCLONE OVERFLOW,Non Critical
160-SA-02,160.0,AUTO BOX-TYPE SAMPLER FOR CALCINE LEACH TAIL,Non Critical
160-TK-16,160.0,LOADED CARBON STORAGE TANK,Critical 2
160-SH-03,160.0,SAFETY SHOWER & EYEWASH FOR CALCINE LEACH 01,Non Critical
160-SH-04,160.0,SAFETY SHOWER & EYEWASH FOR CALCINE LEACH 02,Non Critical
210-TK-01,210.0,CAUSTIC MIXING TANK,Critical 2
210-AG-01,210.0,CAUSTIC MIXING  TANK AGITATOR,Critical 2
210-PP-01,210.0,CAUSTIC TRANSFER PUMP 01,Critical 3
210-PP-02,210.0,CAUSTIC TRANSFER PUMP 02,Critical 3
210-TK-02,210.0,CAUSTIC STORAGE TANK,Critical 2
210-PP-03,210.0,CAUSTIC DOSING PUMP 01,Critical 2
210-PP-04,210.0,CAUSTIC DOSING PUMP 02,Critical 2
210-HO-01,210.0,CAUSTIC HOIST,Critical 3
210-BBR-01,210.0,CAUSTIC BAG BREAKER,Critical 3
210-TK-03,210.0,CYANIDE MIXING TANK,Critical 2
210-AG-02,210.0,CYANIDE MIXING TANK AGITATOR,Critical 2
210-PP-05,210.0,CYANIDE TRANSFER PUMP-01,Critical 3
210-PP-06,210.0,CYANIDE TRANSFER PUMP-02,Critical 3
210-TK-04,210.0,CYANIDE STORAGE TANK,Critical 2
210-PP-07,210.0,CYANIDE DOSING PUMP-01,Critical 2
210-PP-08,210.0,CYANIDE DOSING PUMP-02,Critical 2
210-HO-02,210.0,CYANIDE HOIST,Critical 3
210-BBR-02,210.0,CYANIDE BAG BREAKER,Critical 3
210-PP-09,210.0,CAUSTIC AREA SUMP PUMP,Non Critical
210-PP-10,210.0,CYANIDE AREA SUMP PUMP,Non Critical
210-SH-01,210.0,SAFETY SHOWER & EYEWASH FOR CAUSTIC AND CYANIDE AREA,Non Critical
210-HO-03,210.0,LIME HOIST,Critical 2
210-HOP-01,210.0,LIME HOPPER,Critical 2
210-AV-01,210.0,LIME HOPPER BIN ACTIVATOR,Critical 2
210-SF-01,210.0,LIME SCREW FEEDER,Critical 2
210-TK-05,210.0,LIME MIXING TANK,Critical 2
210-AG-03,210.0,LIME MIXING TANK AGITATOR,Critical 2
210-PP-11,210.0,LIME TRANSFER PUMP-01,Critical 2
210-PP-12,210.0,LIME TRANSFER PUMP-02,Critical 2
210-TK-06,210.0,LIME STORAGE TANK,Critical 2
210-AG-04,210.0,LIME STORAGE TANK AGITATOR,Critical 2
210-PP-13,210.0,LIME DISTRIBUTION PUMP 01,Critical 2
210-PP-14,210.0,LIME DISTRIBUTION PUMP 02,Critical 2
210-PP-15,210.0,LIME AREA SUMP PUMP,Critical 3
210-SH-02,210.0,SAFETY SHOWER & EYEWASH FOR LIME AREA,Non Critical
210-MIP-01,140.0,CONCENTRATE THICKENER FLOCCULANT MIXING PLANT,Critical 1
210-PP-16,140.0,CONCENTRATE THICKENER FLOCCULANT DOSING PUMP 01,Critical 2
210-PP-17,140.0,CONCENTRATE THICKENER FLOCCULANT DOSING PUMP 02,Critical 2
210-PP-16B,140.0,CONCENTRATE THICKENER FLOCCULANT TRANSFER PUMP 01,Critical 2
210-PP-17B,140.0,CONCENTRATE THICKENER FLOCCULANT TRANSFER PUMP 02,Critical 2
210-MIP-02,170.0,LEACH FEED THICKENER FLOCCULANT MIXING PLANT,Critical 1
210-PP-18,170.0,LEACH FEED THICKENER FLOCCULANT DOSING PUMP 01,Critical 2
210-PP-19,170.0,LEACH FEED THICKENER FLOCCULANT DOSING PUMP 02,Critical 2
210-PP-18B,170.0,LEACH FEED THICKENER FLOCCULANT TRANSFER PUMP 01,Critical 2
210-PP-19B,170.0,LEACH FEED THICKENER FLOCCULANT TRANSFER PUMP 02,Critical 2
210-MIP-03,190.0,TAILING DEWATERING THICKENER FLOCCULANT MIXING PLANT,Critical 1
210-PP-20,190.0,TAILING DEWATERING THICKENER FLOCCULANT DOSING PUMP 01,Critical 2
210-PP-21,190.0,TAILING DEWATERING THICKENER FLOCCULANT DOSING PUMP 02,Critical 2
210-PP-20B,190.0,TAILING DEWATERING THICKENER FLOCCULANT TRANSFER PUMP 01,Critical 2
210-PP-21B,190.0,TAILING DEWATERING THICKENER FLOCCULANT TRANSFER PUMP 02,Critical 2
210-MIP-04,160.0,ACID WASH THICKENER FLOCCULANT MIXING PLANT,Critical 1
210-PP-22,160.0,ACID WASH THICKENERFLOCCULANT DOSING PUMP 01,Critical 2
210-PP-23,160.0,ACID WASH THICKENERFLOCCULANT DOSING PUMP 02,Critical 2
210-PP-22B,160.0,ACID WASH THICKENER FLOCCULANT TRANSFER PUMP 01,Critical 2
210-PP-23B,160.0,ACID WASH THICKENER FLOCCULANT TRANSFER PUMP 02,Critical 2
210-MIP-05,160.0,CALCINE LEACH FEED THICKENER FLOCCULANT MIXING PLANT,Critical 1
210-PP-24,160.0,CALCINE LEACH FEED  THICKENER FLOCCULANT DOSING PUMP 01,Critical 2
210-PP-25,160.0,CALCINE LEACH FEED  THICKENER FLOCCULANT DOSING PUMP 02,Critical 2
210-PP-24B,160.0,ACID WASH THICKENER FLOCCULANT TRANSFER PUMP 01,Critical 2
210-PP-25B,160.0,ACID WASH THICKENER FLOCCULANT TRANSFER PUMP 02,Critical 2
220-TK-01,220.0,RAW WATER TANK,Critical 1
220-PP-01,220.0,RAW WATER SUPPLY PUMP 01 PANGULIR,Critical 2
220-PP-02,220.0,RAW WATER SUPPLY PUMP 02 PANGULIR,Critical 2
220-CAG-01,220.0,PROTECTIVE STEEL CAGE SUBMIRSIBLE PUMP PANGULIR 01,Critical 3
220-CAG-02,220.0,PROTECTIVE STEEL CAGE SUBMIRSIBLE PUMP PANGULIR 02,Critical 3
220-CAG-03,220.0,PROTECTIVE STEEL CAGE SUBMIRSIBLE PUMP RAW POND 01,Critical 3
220-CAG-04,220.0,PROTECTIVE STEEL CAGE SUBMIRSIBLE PUMP RAW POND 02,Critical 3
220-CAG-05,220.0,PROTECTIVE STEEL CAGE SUBMIRSIBLE PUMP POLISHING POND 01,Critical 3
220-CAG-06,220.0,PROTECTIVE STEEL CAGE SUBMIRSIBLE PUMP POLISHING POND 02,Critical 3
220-SCT-01,220.0,RAW WATER POND SUCTION TANK,Critical 1
220-SCT-02,220.0,POLISHING POND SUCTION TANK,Critical 1
220-PP-17,220.0,RAW WATER SUPPLY PUMP 03 RAW WATER POND,Critical 2
220-PP-18,220.0,RAW WATER SUPPLY PUMP 04 RAW WATER POND,Critical 2
220-PP-03,220.0,RAW WATER PUMP 01 OPP,Critical 2
220-PP-04,220.0,RAW WATER PUMP 02 OPP,Critical 2
220-TK-02,220.0,FIRE WATER TANK,Critical 3
220-FPP-01,220.0,ELECTRIC WATER PUMP,Critical 2
220-FPP-02,220.0,JOCKEY FIRE PUMP,Critical 2
220-FPP-03,220.0,DIESEL FIRE PUMP,Critical 2
220-TK-03,220.0,PROCESS WATER TANK FREE CYANIDE,Critical 1
220-PP-05,220.0,PROCESS WATER PUMP 01,Critical 1
220-PP-06,220.0,PROCESS WATER PUMP 02,Critical 2
220-PP-07,220.0,PROCESS WATER PUMP 03,Critical 2
220-PP-08,220.0,RETURN WATER PUMP 01,Critical 2
220-PP-09,220.0,RETURN WATER PUMP 02,Critical 2
220-FL-01,220.0,SAND FILTER 01,Critical 2
220-FL-02,220.0,SAND FILTER 02,Critical 2
220-FL-03,220.0,SAND FILTER 03,Critical 2
220-PP-SF01,220.0,BACK WASH PUMP 01 SAND FILTER,Critical 3
220-PP-SF02,220.0,BACK WASH PUMP 02 SAND FILTER,Critical 3
220-TK-04,220.0,FILTERED WATER TANK,Critical 1
220-PP-10,220.0,FILTERED WATER PUMP 01,Critical 2
220-PP-11,220.0,FILTERED WATER PUMP 02,Critical 2
220-TK-05,220.0,HYPOCHLORIDE TANK,Non Critical
220-PP-12,220.0,CHLORINE DOSING PUMP,Non Critical
220-TK-05B,220.0,POLYALUMINIUM CHLORIDE (PAC) TANK,Non Critical
220-PP-12B,220.0,POLYALUMINIUM CHLORIDE (PAC) DOSING PUMP,Non Critical
220-TK-05C,220.0,POLYACRYLAMIDE (PAM) TANK,Non Critical
220-PP-12C,220.0,POLYACRYLAMIDE (PAM) DOSING PUMP,Non Critical
220-TK-06,220.0,TREATED WATER TANK,Critical 1
220-PP-13,220.0,TREATED WATER PUMP 01,Critical 2
220-PP-14,220.0,TREATED WATER PUMP 02,Critical 2
220-PP-15,220.0,POTABLE WATER PUMP 01,Critical 2
220-PP-16,220.0,POTABLE WATER PUMP 02,Critical 2
220-TOW-01,220.0,MILL COOLING TOWER,Critical 1
220-TK-08,220.0,MILL COOLING TOWER TANK,Critical 1
220-PP-19,220.0,MILL COOLING TOWER PUMP 01,Critical 2
220-PP-20,220.0,MILL COOLING TOWER PUMP 02,Critical 2
220-TOW-02,220.0,PUBLIC COOLING TOWER,Critical 1
220-TK-09,220.0,PUBLIC COOLING TOWER TANK,Critical 1
220-PP-21,220.0,PUBLIC COOLING TOWER PUMP 01,Critical 2
220-PP-22,220.0,PUBLIC COOLING TOWER PUMP 02,Critical 2
220-WWT-01,220.0,SEWERAGE STATION,Critical 3
240-CP-01,220.0,HP AIR COMPRESSOR 01,Critical 1
240-CP-02,240.0,HP AIR COMPRESSOR 02,Critical 1
240-CP-03,240.0,HP AIR COMPRESSOR 03,Critical 2
240-CP-04,240.0,HP AIR COMPRESSOR 04,Critical 1
240-FL-01,240.0,FILTER DD360+ 01,Critical 2
240-FL-02,240.0,FILTER DD360+ 02,Critical 2
240-FL-03,240.0,FILTER PD360+ 01,Critical 2
240-FL-04,240.0,FILTER PD360+ 02,Critical 2
240-FL-05,240.0,FILTER DD970+ 01,Critical 2
240-FL-06,240.0,FILTER DD970+ 02,Critical 2
240-FL-07,240.0,FILTER PD970+ 01,Critical 2
240-FL-08,240.0,FILTER PD970+ 02,Critical 2
240-DY-01,240.0,AIR DRYER 01,Critical 1
240-DY-02,240.0,AIR DRYER 02,Critical 1
240-AR-01,240.0,AIR LIFTER AIR RECEIVER,Critical 1
240-AR-02,240.0,PUBLIC AIR RECEIVER,Critical 1
240-BWR-01,240.0,FLOTATION AREA BLOWER 01,Critical 2
240-BWR-02,240.0,FLOTATION AREA BLOWER 02,Critical 2
240-OP-01,240.0,OXYGEN PLANT,Critical 1
250-FL-01,250.0,DIESEL FUEL FILTER,Critical 2
250-FL-02,250.0,DIESEL FUEL FILTER,Critical 2
250-TK-01,250.0,DIESEL-FUEL TANK-01,Critical 2
250-PP-01,250.0,DIESEL-FUEL PUMP-01,Critical 2
250-PP-02,250.0,DIESEL-FUEL PUMP-02,Critical 2
150-TK-06,250.0,FUEL TANK,Critical 2
150-PP-06,250.0,GEARING FUEL PUMP,Critical 2
250-SH-01,250.0,SAFETY SHOWER & EYEWASH FOR FUEL SERVICES AREA,Non Critical
190-PP-01,190.0,TAILING DEWATERING THICKENER UNDERFLOW PUMP-01,Critical 2
190-PP-02,190.0,TAILING DEWATERING THICKENER UNDERFLOW PUMP-02,Critical 2
190-TK-01,190.0,TAIL BUFFER TANK,Critical 1
190-AG-08,190.0,TAIL BUFFER TANK AGITATOR,Critical 1
190-PP-03,190.0,FILTER PRESS FEEDING PUMP 01,Critical 1
190-PP-04,190.0,FILTER PRESS FEEDING PUMP 02,Critical 1
190-PP-05,190.0,FILTER PRESS FEEDING PUMP 03,Critical 1
190-PP-06,190.0,FILTER PRESS FEEDING PUMP 04,Critical 1
190-PP-07,190.0,FILTER PRESS FEEDING PUMP 05,Critical 1
190-PP-08,190.0,FILTER PRESS FEEDING PUMP 06,Critical 3
190-CV-01,190.0,FINAL TAIL CONVEYOR 01,Critical 1
190-CV-02,190.0,FINAL TAIL CONVEYOR 02,Critical 1
190-CV-03,190.0,FINAL TAIL CONVEYOR 03,Critical 1
190-CV-04,190.0,FINAL TAIL CONVEYOR 04,Critical 1
190-CV-05,190.0,FINAL TAIL CONVEYOR 05,Critical 1
190-CV-06,190.0,FINAL TAIL CONVEYOR TO TSF 01,Critical 1
190-TK-02,190.0,FILTRATE BUFFER TANK,Critical 1
190-PP-09,190.0,FILTRATE PUMP 01,Critical 2
190-PP-10,190.0,FILTRATE PUMP 02,Critical 2
190-TK-03,190.0,WATER TANK 01 FOR SQUEEZING,Critical 1
190-TK-12,190.0,WATER TANK 02 FOR WASHING CLOTH,Critical 2
190-PP-13,190.0,WATER PUMP 01 FOR SQUEEZING,Critical 1
190-PP-14,190.0,WATER PUMP 02 FOR SQUEEZING,Critical 1
190-PP-15,190.0,WATER PUMP 03 FOR SQUEEZING,Critical 1
190-PP-16,190.0,WATER PUMP 04 FOR SQUEEZING,Critical 1
190-PP-17,190.0,WATER PUMP 05 FOR SQUEEZING,Critical 1
190-PP-18,190.0,WATER PUMP 06 FOR WASHING CLOTH,Critical 2
190-CP-01,190.0,COMPRESSOR FOR FILER PRESS 01,Critical 1
190-TK-04,190.0,AIR TANK FOR FILER PRESS 01,Critical 1
190-TK-13,190.0,AIR TANK FOR FILER PRESS 02,Critical 1
190-BX-04,190.0,INSTRUMENT AIR DISTRIBUTION-01,Critical 1
190-BX-05,190.0,INSTRUMENT AIR DISTRIBUTION-02,Critical 1
190-PP-11,190.0,TAILING DEWATERING THICKENER AREA SUMP PUMP,Critical 3
190-PP-12,190.0,FILTER PRESS AREA SUMP PUMP,Critical 2
190-HOP-01,190.0,DISCHARGE HOPPER OF BELT CONVEYOR 01,Critical 1
190-HOP-02,190.0,DISCHARGE HOPPER OF BELT CONVEYOR 02,Critical 1
190-HOP-03,190.0,DISCHARGE HOPPER OF BELT CONVEYOR 03,Critical 1
190-HOP-04,190.0,DISCHARGE HOPPER OF BELT CONVEYOR 04,Critical 1
190-HOP-05,190.0,DISCHARGE HOPPER OF BELT CONVEYOR 05,Critical 1
190-HOP-06,190.0,DISCHARGE HOPPER OF FILTER PRESS 01-01,Critical 1
190-HOP-07,190.0,DISCHARGE HOPPER OF FILTER PRESS 01-02,Critical 1
190-HOP-08,190.0,DISCHARGE HOPPER OF FILTER PRESS 01-03,Critical 1
190-HOP-09,190.0,DISCHARGE HOPPER OF FILTER PRESS 02-01,Critical 1
190-HOP-10,190.0,DISCHARGE HOPPER OF FILTER PRESS 02-02,Critical 1
190-HOP-11,190.0,DISCHARGE HOPPER OF FILTER PRESS 02-03,Critical 1
190-HOP-12,190.0,DISCHARGE HOPPER OF FILTER PRESS 03-01,Critical 1
190-HOP-13,190.0,DISCHARGE HOPPER OF FILTER PRESS 03-02,Critical 1
190-HOP-14,190.0,DISCHARGE HOPPER OF FILTER PRESS 03-03,Critical 1
190-HOP-15,190.0,DISCHARGE HOPPER OF FILTER PRESS 04-01,Critical 1
190-HOP-16,190.0,DISCHARGE HOPPER OF FILTER PRESS 04-02,Critical 1
190-HOP-17,190.0,DISCHARGE HOPPER OF FILTER PRESS 04-03,Critical 1
190-HOP-18,190.0,DISCHARGE HOPPER OF FILTER PRESS 05-01,Critical 1
190-HOP-19,190.0,DISCHARGE HOPPER OF FILTER PRESS 05-02,Critical 1
190-HOP-20,190.0,DISCHARGE HOPPER OF FILTER PRESS 05-03,Critical 1
190-HOP-21,190.0,DISCHARGE HOPPER OF BELT CONVEYOR 06,Critical 1
190-CN-01,190.0,ELECTRIC SINGLE BEAM CRANE FOR FILTER PRESS,Critical 2
190-CN-01B,190.0,LONG TRAVEL GIRDER GEAR MOTOR FOR FILTER PRESS 01,Critical 2
190-TK-14,190.0,ACID WATER NEUTRALIZATION TANK 01,Critical 2
190-TK-15,190.0,ACID WATER NEUTRALIZATION TANK 02,Critical 2
190-AG-09,190.0,ACID WATER NEUTRALIZATION TANK AGITATOR 01,Critical 2
190-AG-10,190.0,ACID WATER NEUTRALIZATION TANK AGITATOR 02,Critical 2
190-PP-31,190.0,NEUTRALIZED WATER PUMP 01,Critical 2
190-PP-32,190.0,NEUTRALIZED WATER PUMP 02,Critical 2
190-SH-01,190.0,SAFETY SHOWER & EYEWASH 01 FOR FILTER PRESS,Non Critical
190-TK-05,190.0,CYANIDE DESTRUCTION TANK,Critical 1
190-AG-01,190.0,CYANIDE DESTRUCTION TANK AGITATOR,Critical 1
190-TK-06,190.0,ARSENIC PRECIPITATION TANK,Critical 1
190-AG-02,190.0,ARSENIC PRECIPITATION TANK AGITATOR,Critical 1
190-TK-07,190.0,DETOXIFICATION TANK,Critical 1
190-AG-03,190.0,DETOXIFICATION TANK AGITATOR,Critical 1
190-PP-19,190.0,DETOXIFICATION  AREA SUMP PUMP,Critical 3
190-TK-08,210.0,REAGENT AGITATION TANK FOR SMBS,Critical 1
190-AG-04,210.0,REAGENT AGITATION TANK FOR SMBS AGITATOR,Critical 1
190-TK-09,210.0,REAGENT AGITATION TANK FOR CUSO4/H2O2,Critical 1
190-AG-05,210.0,REAGENT AGITATION TANK FOR CUSO4 /H2O2 AGITATOR,Critical 1
190-BBR-01,210.0,DETOX REAGENT BAG BREAKER 01 CUSO4 /H2O2 TANK,Critical 2
190-BBR-02,210.0,DETOX REAGENT BAG BREAKER 02 FERRIC CHLORIDE TANK,Critical 2
190-BBR-03,210.0,DETOX REAGENT BAG BREAKER 03 COAGULANT TANK,Critical 2
190-BBR-04,210.0,DETOX REAGENT BAG BREAKER 04 SMBS TANK,Critical 2
190-PP-20,210.0,REAGENT TRANSFER PUMP 01 FOR SMBS,Critical 1
190-PP-21,210.0,REAGENT TRANSFER PUMP 02 FOR SMBS,Critical 2
190-PP-33,210.0,REAGENT TRANSFER PUMP 03 FOR SMBS,Critical 2
190-PP-22,210.0,REAGENT TRANSFER PUMP 01 FOR CUSO4/H2O2,Critical 2
190-PP-23,210.0,REAGENT TRANSFER PUMP 02 FOR CUSO4/H2O2,Critical 2
190-TK-10,210.0,REAGENT AGITATION TANK FOR FERRIC CHLORIDE,Critical 1
190-AG-06,210.0,REAGENT AGITATION TANK FOR FERRIC CHLORIDE AGITATOR,Critical 1
190-PP-24,210.0,REAGENT TRANSFER PUMP 01 FOR FERRIC CHLORIDE,Critical 2
190-PP-25,210.0,REAGENT TRANSFER PUMP 02 FOR FERRIC CHLORIDE,Critical 2
190-TK-11,210.0,REAGENT AGITATION TANK FOR COAGULLANT,Critical 1
190-AG-07,210.0,REAGENT AGITATION TANK FOR COAGULLANT AGITATOR,Critical 1
190-PP-26,210.0,REAGENT TRANSFER PUMP 01 FOR COAGULLANT,Critical 2
190-PP-27,210.0,REAGENT TRANSFER PUMP 02 FOR COAGULLANT,Critical 2
190-HOP-22,190.0,DETOXIFICATION HOPPER,Critical 1
190-PP-28,190.0,DETOXIFICATION TRANSFER PUMP 01,Critical 2
190-PP-29,190.0,DETOXIFICATION TRANSFER PUMP 02,Critical 2
190-PP-30,210.0,DETOXIFICATION REAGENT AREA SUMP PUMP,Critical 3
190-BX-01,210.0,REAGENT STORAGE BOX 01 CUSO4 /H2O2,Critical 1
190-BX-02,210.0,REAGENT STORAGE BOX 02 FERRIC CHLORIDE,Critical 1
190-BX-03,210.0,REAGENT STORAGE BOX 03 COAGULANT,Critical 1
190-BX-06,210.0,REAGENT STORAGE BOX 04 SMBS,Critical 1
190-HO-01,210.0,ELECTRIC HOIST FOR DETOX REAGENT,Critical 2
190-SH-02,210.0,SAFETY SHOWER & EYEWASH FOR DETOXIFICATION,Non Critical
190-TK-16,190.0,TAIL BUFFER TANK 02,Critical 1
190-AG-11,190.0,TAIL BUFFER TANK AGITATOR 02,Critical 1
190-TK-17,190.0,FILTER CLOTH WASHING WATER TANK,Critical 1
190-TK-18,190.0,FILTRATE BUFFER TANK 02,Critical 1
190-DY-01,190.0,AIR DRYER 01,Critical 2
190-DY-02,190.0,AIR DRYER 02,Critical 2
190-AR-03,190.0,AIR TANK 03 FOR FILTER PRESS SQUEEZING,Critical 1
190-AR-04,190.0,AIR TANK 04 FOR FILTER PRESS PLANT AIR,Critical 1
190-AR-05,190.0,AIR TANK 05 FOR INSTRUMENTATION,Critical 1
190-PP-35,190.0,FEEDING PUMP TO BUFFER TANK,Critical 1
190-PP-36,190.0,FILTER PRESS FEEDING PUMP 07,Critical 1
190-PP-37,190.0,FILTER PRESS FEEDING PUMP 08,Critical 1
190-PP-38,190.0,FILTER CLOTH WASHING PUMP,Critical 1
190-PP-39,190.0,CORE FLUSHING WATER PUMP 01,Critical 2
190-PP-40,190.0,CORE FLUSHING WATER PUMP 02,Critical 2
190-PP-41,190.0,FILTRATE PUMP 03,Critical 2
190-PP-42,190.0,FILTRATE PUMP 04,Critical 2
190-PP-43,190.0,FILTER PRESS AREA SUMP PUMP 02,Critical 2
190-CV-07,190.0,FINAL TAIL CONVEYOR 07,Critical 1
190-CV-08,190.0,FINAL TAIL CONVEYOR 08,Critical 1
190-CV-09,190.0,FINAL TAIL CONVEYOR TO TSF 02,Critical 1
190-HOP-23,190.0,DISCHARGE HOPPER OF FILTER PRESS 07,Critical 1
190-CH-01,190.0,CHUTE OF CONVEYOR 07,Critical 1
190-CH-02,190.0,CHUTE OF CONVEYOR 08,Critical 1
190-CH-03,190.0,CHUTE OF CONVEYOR 09,Critical 1
190-CN-02,190.0,ELECTRIC SINGLE BEAM CRANE 02 FOR FILTER PRESS,Critical 1
190-CN-02B,190.0,LONG TRAVEL GIRDER GEAR MOTOR FOR FILTER PRESS 02,Critical 1
190-CP-02,190.0,COMPRESSOR FOR FILER PRESS 01,Critical 1
190-SH-03,190.0,SAFETY SHOWER & EYEWASH 03 FOR FILTER PRESS,Non Critical
170-SC-01,170.0,LOADED CARBON SCREEN,Critical 1
170-HOP-02,170.0,LOADED CARBON SCREEN DISCHARGE HOPPER,Critical 3
170-HOP-03,170.0,LOADED CARBON SCREEN CHUTE OVERSIZE HOPPER,Critical 2
170-SC-09,170.0,BARREN CARBON DEWATERING SCREEN,Critical 2
170-HOP-04,170.0,BARREN CARBON DEWATERING SCREEN DISCHARGE HOPPER,Critical 3
170-HOP-05,170.0,BARREN CARBON DEWATERING SCREEN OVERSIZE HOPPER,Critical 3
170-CH-01,170.0,BARREN CARBON DEWATERING SCREEN FEED CHUTE,Critical 3
170-ALT-01,170.0,AIR LIFTER IN CIP TANK 01,Critical 1
170-ALT-02,170.0,AIR LIFTER IN CIP TANK 02,Critical 1
170-ALT-03,170.0,AIR LIFTER IN CIP TANK  03,Critical 1
170-ALT-04,170.0,AIR LIFTER IN CIP TANK  04,Critical 1
170-ALT-05,170.0,AIR LIFTER IN CIP TANK  05,Critical 1
170-ALT-06,170.0,AIR LIFTER IN CIP TANK  06,Critical 1
180-PON-01,180.0,SENDIMEN POND 01,Critical 1
180-PON-02,180.0,SENDIMEN POND 02,Critical 2
180-HOP-01,180.0,LOADED CARBON HOPPER,Critical 1
180-CL-01,180.0,ACID COLUMN,Critical 1
180-TK-01,180.0,ACID STORAGE TANK,Critical 3
180-PP-01,180.0,ACID DOSING PUMP,Critical 2
180-TK-02,180.0,DILUTE ACID TANK,Critical 1
180-PP-02,180.0,ACID PUMP,Critical 1
180-CL-02,180.0,ELUTION COLUMN,Critical 1
180-FL-01,180.0,STRIP FILTER 01,Critical 1
180-FL-02,180.0,STRIP FILTER 02,Critical 1
180-HX-01,180.0,ELUTION RECOVERY  HEAT EXCHANGER,Critical 1
180-HX-02,180.0,ELUTION PRIMARY  HEAT EXCHANGER,Critical 1
180-TK-03,180.0,PRESOAK ELUTION TANK,Critical 1
180-AG-02,180.0,PRESOAK ELUTION TANK AGITATOR,Critical 1
180-PP-03,180.0,ELUTION PUMP 01,Critical 1
180-TK-04,180.0,LEAN ELUATE TANK,Critical 1
180-TK-05,180.0,ELUTION WATER TANK,Critical 1
180-PP-04,180.0,ELUTION WATER PUMP 01,Critical 1
180-PP-05,180.0,ELUTION COLUMN AREA SUMP PUMP,Critical 3
180-HTR-01,180.0,ELUTION HEATER,Critical 1
180-BUR-01,180.0,ELUTION HEATER BURNER,Critical 1
180-TK-12,180.0,THERMAL OIL TANK,Critical 1
180-TK-13,180.0,EXPANDING THERMAL OIL HEAD TANK,Critical 1
180-PP-18,180.0,THERMAL OIL UNLOAD PUMP,Critical 2
180-PP-19,180.0,THERMAL OIL CIRCULATING PUMP 01,Critical 2
180-PP-20,180.0,THERMAL OIL CIRCULATING PUMP 02,Critical 2
180-TK-14,180.0,DAILY USE DISSEL PUMP,Critical 2
180-CHM-01,180.0,CHIMNEY FOR ELUTION AREA,Critical 1
180-PP-06,180.0,ACID COLUMN WASH SUMP PUMP,Critical 3
180-HO-01,180.0,ELUTION AND VIRGIN CARBON  HOIST,Critical 3
180-TK-06,180.0,ELECTROLYTE TANK 01,Critical 2
180-TK-07,180.0,ELECTROLYTE TANK 02,Critical 2
180-PP-07,180.0,ELECTROLYTE PUMP 01,Critical 2
180-PP-08,180.0,ELECTROLYTE PUMP 02,Critical 2
180-ELW-01,180.0,ELECTROWINNING CELL 01,Critical 1
180-ELW-02,180.0,ELECTROWINNING CELL 02,Critical 1
180-ELW-03,180.0,ELECTROWINNING CELL 03,Critical 1
180-ELW-04,180.0,ELECTROWINNING CELL 04,Critical 1
180-ELW-05,180.0,ELECTROWINNING CELL 05,Critical 2
180-ELW-06,180.0,ELECTROWINNING CELL 06,Critical 2
180-RF-01,180.0,RECTIFIER 01,Critical 1
180-RF-02,180.0,RECTIFIER 02,Critical 1
180-RF-03,180.0,RECTIFIER 03,Critical 2
180-TK-08,180.0,WATER TANK,Critical 1
180-WAR-01,180.0,HIGH PRESSURE WASHER,Critical 1
180-TK-09,180.0,CATHODE WASH TANK,Non Critical
180-FL-03,180.0,ELECTROWINNING SLUDGE VACUUM FILTER 01,Critical 1
180-FL-04,180.0,ELECTROWINNING SLUDGE VACUUM FILTER 02,Critical 1
180-FL-05,180.0,ELECTROWINNING SLUDGE VACUUM FILTER 03,Critical 2
180-FL-06,180.0,ELECTROWINNING SLUDGE VACUUM FILTER 04,Critical 1
180-PP-09,180.0,VACUUM PUMP,Critical 1
180-PP-10,180.0,FILTRATION PUMP 01,Critical 1
180-PP-11,180.0,FILTRATION PUMP 02,Critical 1
180-PP-12,180.0,FILTRATION PUMP 03,Critical 2
180-PP-13,180.0,FILTRATION PUMP 04,Critical 1
180-PP-14,180.0,ELECTROLYTE TANK AREA SUMP PUMP,Non Critical
180-SH-01,180.0,SAFETY SHOWER & EYEWASH FOR ELUTION,Non Critical
180-SH-02,180.0,SAFETY SHOWER & EYEWASH FOR ELECTROWINNING,Non Critical
180-SC-01,180.0,KILN DEWATERING SCREEN,Critical 1
180-HOP-02,180.0,KILN FEED HOPPER,Critical 1
180-KN-01,180.0,REGENERATION KILN,Critical 1
180-TK-10,180.0,QUENCH TANK,Non Critical
180-BBR-01,180.0,NEW CARBON BAG BREAKER,Critical 2
180-TK-11,180.0,CARBON AGITATING TANK,Critical 1
180-AG-01,180.0,CARBON AGITATING TANK AGITATOR,Critical 1
180-SC-02,180.0,FINE CARBON REMOVAL SCREEN,Critical 1
180-HOP-03,180.0,FINE CARBON REMOVAL SCREEN UNDERSIZE HOPPER,Critical 1
180-HOP-04,180.0,FINE CARBON REMOVAL SCREEN OVERSIZE HOPPER,Critical 1
180-HOP-05,180.0,CARBON STORAGE HOPPER,Critical 1
180-HOP-06,180.0,QUENCHED CARBON TRANFER HOPPER,Critical 1
180-PP-15,180.0,WATER BOOSTER PUMP 01,Critical 2
180-PP-16,180.0,WATER BOOSTER PUMP 02,Critical 2
180-PP-17,180.0,CARBON REGENERATION AREA SUMP PUMP,Non Critical
180-SH-03,180.0,SAFETY SHOWER & EYEWASH FOR CARBON REGENERATION,Non Critical
185-FUR-01,185.0,BOX-TYPE TROLLEY FURNACE,Critical 1
185-FUR-02A,185.0,DUMPING INTERMEDIATE FREQUENCY FURNACE 01,Critical 2
185-FUR-02B,185.0,DUMPING INTERMEDIATE FREQUENCY FURNACE 01 DRIVE,Critical 2
185-FUR-03A,185.0,DUMPING INTERMEDIATE FREQUENCY FURNACE 02,Critical 2
185-FUR-03B,185.0,DUMPING INTERMEDIATE FREQUENCY FURNACE 02 DRIVE,Critical 2
185-TK-01,185.0,FREQUENCY INTERMEDIATE FURNACE CIRCLING WATER TANK,Critical 1
185-PP-01,185.0,CIRCLING PUMP 01,Critical 1
185-PP-02,185.0,CIRCLING PUMP 02,Critical 1
185-BX-01,185.0,SLAG BOX 01,Non Critical
185-BX-02,185.0,SLAG BOX 02,Non Critical
185-BX-03,185.0,SLAG BOX 03,Non Critical
185-BX-04,185.0,SLAG BOX 04,Non Critical
185-BX-05,185.0,MELTS BOX 01,Non Critical
185-BX-06,185.0,MELTS BOX 02,Non Critical
185-BX-07,185.0,MELTS BOX 03,Non Critical
185-BX-08,185.0,MELTS BOX 04,Non Critical
185-BX-09,185.0,MELTS BOX 05,Non Critical
185-BX-10,185.0,MELTS BOX 06,Non Critical
185-BX-11,185.0,MELTS BOX 07,Non Critical
185-BX-12,185.0,MELTS BOX 08,Non Critical
185-BX-13,185.0,MELTS BOX 09,Non Critical
185-BX-14,185.0,MELTS BOX 10,Non Critical
185-BX-15,185.0,CAST IRON MOLD 01,Critical 2
185-BX-16,185.0,CAST IRON MOLD 02,Critical 2
185-BX-17,185.0,CARBON MOLD 01,Critical 2
185-BX-18,185.0,CARBON MOLD 02,Critical 2
185-TR-01,185.0,TRAY FOR SLAG,Critical 2
185-MI-01,185.0,FLUX MIXER,Critical 3
185-HD-01,185.0,EXHAUST HOOD FOR INTERMEDIATE FREQUENCY FURNACE 01,Critical 2
185-HD-02,185.0,EXHAUST HOOD FOR INTERMEDIATE FREQUENCY FURNACE 02,Critical 2
185-HD-03,185.0,EXHAUST HOOD BEFORE INTERMEDIATE FREQUENCY FURNACE,Critical 2
185-HD-04,185.0,EXHAUST HOOD FOR BOX-TYPE TROLLEY FURNACE,Critical 2
185-HO-01,185.0,SINGLE BEAM HOIST FOR ELUTION AREA,Critical 3
185-CTC-01,185.0,COARSE GOLD-SILVER MOLD CASTING CAR 01,Non Critical
185-CTC-02,185.0,COARSE GOLD-SILVER MOLD CASTING CAR 02,Non Critical
185-PP-03,185.0,SPARY TOWER PUMP 01,Critical 1
185-PP-04,185.0,SPARY TOWER PUMP 02,Critical 1
185-DU-01,185.0,BAG TYPE DUST COLLECTOR,Critical 1
185-CTF-01,185.0,CENTRIFUGAL FAN 01,Critical 1
185-TOW-01,185.0,SPRAY TOWER 01,Critical 2
185-TOW-02,185.0,SPRAY TOWER 02,Critical 2
185-CTF-02,185.0,CENTRIFUGAL FAN 02,Critical 2
185-CTF-03,185.0,CENTRIFUGAL FAN 03,Critical 2
185-CHM-01,185.0,CHIMNEY FOR GOLD POURING AREA,Critical 2
185-BUB-01,185.0,BULLION BALANCE 01,Critical 2
185-BUB-02,185.0,BULLION BALANCE 02,Critical 2
185-CS-01,185.0,CRUSHER,Critical 2
185-ML-01,185.0,BALL MILL,Non Critical
185-STB-01,185.0,SHAKING TABLE,Non Critical
185-CRT-01,185.0,CART,Non Critical
185-RMS-01,185.0,SAFETY BOX,Non Critical
185-TK-02,185.0,COLD WATER TANK,Critical 3
185-CP-01,185.0,AIR COMPRESSOR,Critical 3
185-AR-01,185.0,AIR RECEIVER,Critical 3
185-SH-01,185.0,SAFETY SHOWER & EYEWASH  FOR GOLD ROOM,Non Critical
185-PP-05,185.0,GOLD ROOM SUMP PUMP,Non Critical
