PLC Tag,Area,Equipment Code,Equipment,Instrument Tag,Suggested Parameter,Suggested Unit,IO Type,Instrument Type,Calibration Range,Evidence,Reference Source,Confidence,Mapping Status,Active
FIQ170CDM01,Area 170,170-CDM-01,LEACH AUTOMATIC REAGENT ADDING DEVICE,,,,,,,,PLC tag pattern only,Low,Needs Review,True
FIQ170CDM02,Area 170,170-CDM-02,,,,,,,,,PLC tag pattern only,Low,Needs Review,True
FIQ170CDM03,Area 170,170-CDM-03,,,,,,,,,PLC tag pattern only,Low,Needs Review,True
FIQ170CDM04,Area 170,170-CDM-04,,,,,,,,,PLC tag pattern only,Low,Needs Review,True
FIQ170CDM05,Area 170,170-CDM-05,,,,,,,,,PLC tag pattern only,Low,Needs Review,True
FIQ170CDM06,Area 170,170-CDM-06,,,,,,,,,PLC tag pattern only,Low,Needs Review,True
FIQ170CDM07,Area 170,170-CDM-07,,,,,,,,,PLC tag pattern only,Low,Needs Review,True
FIQ170CDM08,Area 170,170-CDM-08,,,,,,,,,PLC tag pattern only,Low,Needs Review,True
IIT180AG001,Area 180,180-AG-00,,,,,,,,,PLC tag pattern only,Low,Needs Review,True
VSD185CTF01,Area 185,185-CTF-01,CENTRIFUGAL FAN 01,,,,,,,,PLC tag pattern only,Low,Needs Review,True
VSD185CTF02,Area 185,185-CTF-02,CENTRIFUGAL FAN 02,,,,,,,,PLC tag pattern only,Low,Needs Review,True
VSD185CTF03,Area 185,185-CTF-03,CENTRIFUGAL FAN 03,,,,,,,,PLC tag pattern only,Low,Needs Review,True
FIT180CL01A,Area 180,180-CL-01,ACID COLUMN,FIT180CL01A,Filtered Water to Acid Column (180-CL-01) Flowmeter,m³/h,AI,"Flowmeter, Electromagnetic",0~25,Exact tag,Exact Instrument List tag match,High,Needs Review,True
FIT180CL01B,Area 180,180-CL-01,ACID COLUMN,FIT180CL01B,Dilute Hydrochloric Acid to Acid Column (180-CL-01) Flowmeter,m³/h,AI,"Flowmeter, Electromagnetic",0~25,Exact tag,Exact Instrument List tag match,High,Needs Review,True
FIT180ELW01,Area 180,180-ELW-01,ELECTROWINNING CELL 01,FIT180ELW01,Pregnant Solution to Electrowinning Cell 1&2 Flowmeter,m³/h,AI,"Flowmeter, Electromagnetic",0~60,Exact tag,Exact Instrument List tag match,High,Needs Review,True
FIT180ELW03,Area 180,180-ELW-03,ELECTROWINNING CELL 03,FIT180ELW03,Pregnant Solution to Electrowinning Cell 3&4 Flowmeter,m³/h,AI,"Flowmeter, Electromagnetic",0~60,Exact tag,Exact Instrument List tag match,High,Needs Review,True
FIT180ELW05,Area 180,180-ELW-05,ELECTROWINNING CELL 05,FIT180ELW05,Pregnant Solution to Electrowinning Cell 5&6 Flowmeter,m³/h,AI,"Flowmeter, Electromagnetic",0~60,Exact tag,Exact Instrument List tag match,High,Needs Review,True
FIT180HX001,Area 180,180-HX-00,,,,,,,,,PLC tag pattern only,Low,Needs Review,True
FIT180TK03A,Area 180,180-TK-03,PRESOAK ELUTION TANK,FIT180TK03A,Caustic Solution to Pre-soak Solution Flowmeter,m³/h,AI,"Flowmeter, Electromagnetic",0~7.2,Exact tag,Exact Instrument List tag match,High,Needs Review,True
FIT180TK03B,Area 180,180-TK-03,PRESOAK ELUTION TANK,FIT180TK03B,Cyanide Solution to Pre-soak Solution Flowmeter,m³/h,AI,"Flowmeter, Electromagnetic",0~7.0,Exact tag,Exact Instrument List tag match,High,Needs Review,True
IIA180AG001,Area 180,180-AG-00,,,,,,,,,PLC tag pattern only,Low,Needs Review,True
LIT180HP001,Area 180,180-HP-00,,,,,,,,,PLC tag pattern only,Low,Needs Review,True
LIT180HP002,Area 180,180-HP-00,,,,,,,,,PLC tag pattern only,Low,Needs Review,True
LIT180POND2,Area 180,,,,,,,,,,PLC tag pattern only,Low,Needs Review,True
LIT180TK001,Area 180,180-TK-00,,,,,,,,,PLC tag pattern only,Low,Needs Review,True
LIT180TK002,Area 180,180-TK-00,,,,,,,,,PLC tag pattern only,Low,Needs Review,True
LIT180TK003,Area 180,180-TK-00,,,,,,,,,PLC tag pattern only,Low,Needs Review,True
LIT180TK004,Area 180,180-TK-00,,,,,,,,,PLC tag pattern only,Low,Needs Review,True
LIT180TK005,Area 180,180-TK-00,,,,,,,,,PLC tag pattern only,Low,Needs Review,True
LIT180TK006,Area 180,180-TK-00,,,,,,,,,PLC tag pattern only,Low,Needs Review,True
LIT180TK007,Area 180,180-TK-00,,,,,,,,,PLC tag pattern only,Low,Needs Review,True
LIT180TK010,Area 180,180-TK-01,ACID STORAGE TANK,LIT180TK01,Acid Storage Tank (180-TK-01) Level meter,mm,AI,"Level Transmitter, Ultrasonic",0~3000,180-TK-01 + LI,Equipment code + measurement family match,Medium,Needs Review,True
LIT185PP002,Area 185,185-PP-00,,,,,,,,,PLC tag pattern only,Low,Needs Review,True
LIT185TK001,Area 185,185-TK-00,,,,,,,,,PLC tag pattern only,Low,Needs Review,True
PIT180CL002,Area 180,180-CL-00,,,,,,,,,PLC tag pattern only,Low,Needs Review,True
PIT180HX02B,Area 180,180-HX-02,ELUTION PRIMARY  HEAT EXCHANGER,PIT180HX02B,Elution Recovery Heat Exchanger (180-HX-02) Outlet Pressure Transmitter,bar,AI,Pressure Transmitter,0-5,Exact tag,Exact Instrument List tag match,High,Needs Review,True
TIT180CL02A,Area 180,180-CL-02,ELUTION COLUMN,TIT180CL02A,Liquor Eluate to Elution Recovery Heat Exchanger Temperature Transmitter,°C,AI,Temperature Transmitter,0-115,Exact tag,Exact Instrument List tag match,High,Needs Review,True
TIT180HX01A,Area 180,180-HX-01,ELUTION RECOVERY  HEAT EXCHANGER,TIT180HX01A,Elution Recovery Heat Exchanger (180-HX-01) Outlet Temperature Transmitter,°C,AI,Temperature Transmitter,0-115,Exact tag,Exact Instrument List tag match,High,Needs Review,True
TIT180HX002,Area 180,180-HX-00,,,,,,,,,PLC tag pattern only,Low,Needs Review,True
FIT210MIP02001,Area 210,210-MIP-20,,,,,,,,,PLC tag pattern only,Low,Needs Review,True
DSG210MIP02,Area 210,210-MIP-02,LEACH FEED THICKENER FLOCCULANT MIXING PLANT,,,,,,,,PLC tag pattern only,Low,Needs Review,True
VSD210MIP02PP1,Area 210,210-MIP-02,LEACH FEED THICKENER FLOCCULANT MIXING PLANT,,,,,,,,PLC tag pattern only,Low,Needs Review,True
VSD210MIP02PP2,Area 210,210-MIP-02,LEACH FEED THICKENER FLOCCULANT MIXING PLANT,,,,,,,,PLC tag pattern only,Low,Needs Review,True
FIT210MIP02002,Area 210,210-MIP-20,,,,,,,,,PLC tag pattern only,Low,Needs Review,True
FIT210MIP03001,Area 210,210-MIP-30,,,,,,,,,PLC tag pattern only,Low,Needs Review,True
DSG210MIP03,Area 210,210-MIP-03,TAILING DEWATERING THICKENER FLOCCULANT MIXING PLANT,,,,,,,,PLC tag pattern only,Low,Needs Review,True
VSD210MIP03PP1,Area 210,210-MIP-03,TAILING DEWATERING THICKENER FLOCCULANT MIXING PLANT,,,,,,,,PLC tag pattern only,Low,Needs Review,True
VSD210MIP03PP2,Area 210,210-MIP-03,TAILING DEWATERING THICKENER FLOCCULANT MIXING PLANT,,,,,,,,PLC tag pattern only,Low,Needs Review,True
FIT210MIP03002,Area 210,210-MIP-30,,,,,,,,,PLC tag pattern only,Low,Needs Review,True
PIT240OP001TOA,Area 240,240-OP-00,,,,,,,,,PLC tag pattern only,Low,Needs Review,True
PIT240OP001TOB,Area 240,240-OP-00,,,,,,,,,PLC tag pattern only,Low,Needs Review,True
PIT240OP001001,Area 240,240-OP-01,OXYGEN PLANT,,,,,,,,PLC tag pattern only,Low,Needs Review,True
PIT240OP001002,Area 240,240-OP-01,OXYGEN PLANT,,,,,,,,PLC tag pattern only,Low,Needs Review,True
CNC240OP001,Area 240,240-OP-00,,,,,,,,,PLC tag pattern only,Low,Needs Review,True
FIT240OP001002,Area 240,240-OP-01,OXYGEN PLANT,,,,,,,,PLC tag pattern only,Low,Needs Review,True
VSD120AF001,Area 120,120-AF-00,,,,,,,,,PLC tag pattern only,Low,Needs Review,True
VSD120BF001,Area 120,120-BF-00,,,,,,,,,PLC tag pattern only,Low,Needs Review,True
WIT120CV001,Area 120,120-CV-00,,,,,,,,,PLC tag pattern only,Low,Needs Review,True
WIQ120CV001,Area 120,120-CV-00,,,,,,,,,PLC tag pattern only,Low,Needs Review,True
WIT120CV002,Area 120,120-CV-00,,,,,,,,,PLC tag pattern only,Low,Needs Review,True
WIQ120CV002,Area 120,120-CV-00,,,,,,,,,PLC tag pattern only,Low,Needs Review,True
IIT120CS001,Area 120,120-CS-00,,,,,,,,,PLC tag pattern only,Low,Needs Review,True
LIT120BN01A,Area 120,120-BN-01,ROM BIN GRIZZLY,LIT120BN01A,ROM Bin Level Sensor,mm,AI,"Level Transmitter, Radar",0~9300,Exact tag,Exact Instrument List tag match,High,Needs Review,True
WIQ130CV001,Area 130,130-CV-00,,,,,,,,,PLC tag pattern only,Low,Needs Review,True
VSD130PP003,Area 130,130-PP-00,,,,,,,,,PLC tag pattern only,Low,Needs Review,True
VSD130PP004,Area 130,130-PP-00,,,,,,,,,PLC tag pattern only,Low,Needs Review,True
IIT160AG003,Area 160,160-AG-00,,,,,,,,,PLC tag pattern only,Low,Needs Review,True
IIT160AG004,Area 160,160-AG-00,,,,,,,,,PLC tag pattern only,Low,Needs Review,True
IIT160AG005,Area 160,160-AG-00,,,,,,,,,PLC tag pattern only,Low,Needs Review,True
IIT160AG006,Area 160,160-AG-00,,,,,,,,,PLC tag pattern only,Low,Needs Review,True
IIT160AG007,Area 160,160-AG-00,,,,,,,,,PLC tag pattern only,Low,Needs Review,True
VSD160PP009,Area 160,160-PP-00,,,,,,,,,PLC tag pattern only,Low,Needs Review,True
VSD160PP010,Area 160,160-PP-01,ACID WASH THICKENER FEED PUMP 01,,,,,,,,PLC tag pattern only,Low,Needs Review,True
VSD160PP011,Area 160,160-PP-01,ACID WASH THICKENER FEED PUMP 01,,,,,,,,PLC tag pattern only,Low,Needs Review,True
VSD160PP012,Area 160,160-PP-01,ACID WASH THICKENER FEED PUMP 01,,,,,,,,PLC tag pattern only,Low,Needs Review,True
VSD160PP013,Area 160,160-PP-01,ACID WASH THICKENER FEED PUMP 01,,,,,,,,PLC tag pattern only,Low,Needs Review,True
VSD160PP014,Area 160,160-PP-01,ACID WASH THICKENER FEED PUMP 01,,,,,,,,PLC tag pattern only,Low,Needs Review,True
VSD160PP015,Area 160,160-PP-01,ACID WASH THICKENER FEED PUMP 01,,,,,,,,PLC tag pattern only,Low,Needs Review,True
VSD160PP016,Area 160,160-PP-01,ACID WASH THICKENER FEED PUMP 01,,,,,,,,PLC tag pattern only,Low,Needs Review,True
VSD160PP017,Area 160,160-PP-01,ACID WASH THICKENER FEED PUMP 01,,,,,,,,PLC tag pattern only,Low,Needs Review,True
VSD160PP018,Area 160,160-PP-01,ACID WASH THICKENER FEED PUMP 01,,,,,,,,PLC tag pattern only,Low,Needs Review,True
VSD160PP019,Area 160,160-PP-01,ACID WASH THICKENER FEED PUMP 01,,,,,,,,PLC tag pattern only,Low,Needs Review,True
VSD160PP020,Area 160,160-PP-02,ACID WASH THICKENER FEED PUMP 02,,,,,,,,PLC tag pattern only,Low,Needs Review,True
VSD160PP021,Area 160,160-PP-02,ACID WASH THICKENER FEED PUMP 02,,,,,,,,PLC tag pattern only,Low,Needs Review,True
VSD160PP022,Area 160,160-PP-02,ACID WASH THICKENER FEED PUMP 02,,,,,,,,PLC tag pattern only,Low,Needs Review,True
VSD170PP002,Area 170,170-PP-00,,,,,,,,,PLC tag pattern only,Low,Needs Review,True
VSD170PP003,Area 170,170-PP-00,,,,,,,,,PLC tag pattern only,Low,Needs Review,True
VSD170PP004,Area 170,170-PP-00,,,,,,,,,PLC tag pattern only,Low,Needs Review,True
VSD170PP005,Area 170,170-PP-00,,,,,,,,,PLC tag pattern only,Low,Needs Review,True
VSD170PP008,Area 170,170-PP-00,,,,,,,,,PLC tag pattern only,Low,Needs Review,True
VSD170PP009,Area 170,170-PP-00,,,,,,,,,PLC tag pattern only,Low,Needs Review,True
VSD210SF001,Area 210,210-SF-00,,,,,,,,,PLC tag pattern only,Low,Needs Review,True
VSD220PP019,Area 220,220-PP-01,RAW WATER SUPPLY PUMP 01 PANGULIR,,,,,,,220-PP-01; 1 instrument candidates,Equipment code match; instrument family ambiguous,Medium,Needs Review,True
VSD220PP020,Area 220,220-PP-02,RAW WATER SUPPLY PUMP 02 PANGULIR,,,,,,,220-PP-02; 1 instrument candidates,Equipment code match; instrument family ambiguous,Medium,Needs Review,True
AIT130SU001PH1,Area 130,130-SU-00,,,,,,,,,PLC tag pattern only,Low,Needs Review,True
AIT160TK001PH1,Area 160,160-TK-00,,,,,,,,,PLC tag pattern only,Low,Needs Review,True
AIT160TK007PH1,Area 160,160-TK-00,,,,,,,,,PLC tag pattern only,Low,Needs Review,True
AIT160TK002DO1,Area 160,160-TK-00,,,,,,,,,PLC tag pattern only,Low,Needs Review,True
AIT160TK011PH1,Area 160,160-TK-01,CALCINE ACID LEACH TANK  01,AIT160TK01,Calcine Acid Leach Tank (160-TK-01) Slurry PH meter,,AI,pH Transmitter,0-14,160-TK-01 + AI,Equipment code + measurement family match,Medium,Needs Review,True
AIT170TK002DO1,Area 170,170-TK-00,,,,,,,,,PLC tag pattern only,Low,Needs Review,True
AIT170TK002PH1,Area 170,170-TK-00,,,,,,,,,PLC tag pattern only,Low,Needs Review,True
AIT160AIR01HCN,Area 160,160-AIR-01,,,,,,,,,PLC tag pattern only,Low,Needs Review,True
AIT170AIR01HCN,Area 170,170-AIR-01,,,,,,,,,PLC tag pattern only,Low,Needs Review,True
AIT210AIR01HCN,Area 210,210-AIR-01,,,,,,,,,PLC tag pattern only,Low,Needs Review,True
DIT130CY001,Area 130,130-CY-00,,,,,,,,,PLC tag pattern only,Low,Needs Review,True
DIT160BX001,Area 160,160-BX-00,,,,,,,,,PLC tag pattern only,Low,Needs Review,True
DIT160BX003,Area 160,160-BX-00,,,,,,,,,PLC tag pattern only,Low,Needs Review,True
DIT160CY001,Area 160,160-CY-00,,,,,,,,,PLC tag pattern only,Low,Needs Review,True
DIT170BX002,Area 170,170-BX-00,,,,,,,,,PLC tag pattern only,Low,Needs Review,True
FIT130CY001,Area 130,130-CY-00,,,,,,,,,PLC tag pattern only,Low,Needs Review,True
FIT130ML01A,Area 130,130-ML-01,SAG MILL,FIT130ML01A,Flow meter for Process Water to Hopper In Front of Ball Mill,m³/h,AI,"Flowmeter, Electromagnetic",0~43.4,Exact tag,Exact Instrument List tag match,High,Needs Review,True
FIT130ML02A,Area 130,130-ML-02,BALL MILL,FIT130ML02A,Process Water to Ball mill (130-ML-02) Flow meter,m³/h,AI,"Flowmeter, Electromagnetic",0~12,Exact tag,Exact Instrument List tag match,High,Needs Review,True
FIT160BX001,Area 160,160-BX-00,,,,,,,,,PLC tag pattern only,Low,Needs Review,True
FIT160BX003,Area 160,160-BX-00,,,,,,,,,PLC tag pattern only,Low,Needs Review,True
FIT160CY001,Area 160,160-CY-00,,,,,,,,,PLC tag pattern only,Low,Needs Review,True
FIT170BX002,Area 170,170-BX-00,,,,,,,,,PLC tag pattern only,Low,Needs Review,True
FIT210TK05A,Area 210,210-TK-05,LIME MIXING TANK,FIT210TK05A,Water to Lime Mixing Tank  (210-TK-05) Flowmeter,,AI,"Flowmeter, Electromagnetic",0-14,Exact tag,Exact Instrument List tag match,High,Needs Review,True
FIT220TK003,Area 220,220-TK-00,,,,,,,,,PLC tag pattern only,Low,Needs Review,True
FIT240OP001,Area 240,240-OP-00,,,,,,,,,PLC tag pattern only,Low,Needs Review,True
LIT130HP004,Area 130,130-HP-00,,,,,,,,,PLC tag pattern only,Low,Needs Review,True
LIT130SU001,Area 130,130-SU-00,,,,,,,,,PLC tag pattern only,Low,Needs Review,True
LIT160BX002,Area 160,160-BX-00,,,,,,,,,PLC tag pattern only,Low,Needs Review,True
LIT160BX009,Area 160,160-BX-00,,,,,,,,,PLC tag pattern only,Low,Needs Review,True
LIT160HP001,Area 160,160-HP-00,,,,,,,,,PLC tag pattern only,Low,Needs Review,True
LIT160TK002,Area 160,160-TK-00,,,,,,,,,PLC tag pattern only,Low,Needs Review,True
LIT160TK005,Area 160,160-TK-00,,,,,,,,,PLC tag pattern only,Low,Needs Review,True
LIT160TK006,Area 160,160-TK-00,,,,,,,,,PLC tag pattern only,Low,Needs Review,True
LIT160TK007,Area 160,160-TK-00,,,,,,,,,PLC tag pattern only,Low,Needs Review,True
LIT160TK008,Area 160,160-TK-00,,,,,,,,,PLC tag pattern only,Low,Needs Review,True
LIT170HP001,Area 170,170-HP-00,,,,,,,,,PLC tag pattern only,Low,Needs Review,True
LIT170TK009,Area 170,170-TK-00,,,,,,,,,PLC tag pattern only,Low,Needs Review,True
LIT210TK001,Area 210,210-TK-00,,,,,,,,,PLC tag pattern only,Low,Needs Review,True
LIT210TK002,Area 210,210-TK-00,,,,,,,,,PLC tag pattern only,Low,Needs Review,True
LIT210TK003,Area 210,210-TK-00,,,,,,,,,PLC tag pattern only,Low,Needs Review,True
LIT210TK004,Area 210,210-TK-00,,,,,,,,,PLC tag pattern only,Low,Needs Review,True
LIT210TK05A,Area 210,210-TK-05,LIME MIXING TANK,LIT210TK05A,Lime Mixing Tank  (210-TK-05) Level meter,mm,AI,"Level Transmitter, Ultrasonic",0~3000,Exact tag,Exact Instrument List tag match,High,Needs Review,True
LIT210TK06A,Area 210,210-TK-06,LIME STORAGE TANK,LIT210TK06A,Lime Storage Tank  (210-TK-06) Level meter,mm,AI,"Level Transmitter, Ultrasonic",0~7500,Exact tag,Exact Instrument List tag match,High,Needs Review,True
PIT130CY001,Area 130,130-CY-00,,,,,,,,,PLC tag pattern only,Low,Needs Review,True
PIT130ML001,Area 130,130-ML-00,,,,,,,,,PLC tag pattern only,Low,Needs Review,True
PIT160CY001,Area 160,160-CY-00,,,,,,,,,PLC tag pattern only,Low,Needs Review,True
PIT210TK05A,Area 210,210-TK-05,LIME MIXING TANK,,,,,,,210-TK-05; 5 instrument candidates,Equipment code match; instrument family ambiguous,Medium,Needs Review,True
PIT210TK06A,Area 210,210-TK-06,LIME STORAGE TANK,,,,,,,210-TK-06; 3 instrument candidates,Equipment code match; instrument family ambiguous,Medium,Needs Review,True
PIT240AR001,Area 240,240-AR-00,,,,,,,,,PLC tag pattern only,Low,Needs Review,True
PIT240AR002,Area 240,240-AR-00,,,,,,,,,PLC tag pattern only,Low,Needs Review,True
PIT240OP01A,Area 240,240-OP-01,OXYGEN PLANT,PIT240OP01A,Public Cooling Tower Supply Water Pressure Transmitter,bar,AI,Pressure Transmitter,0-5,Exact tag,Exact Instrument List tag match,High,Needs Review,True
PIT240OP01B,Area 240,240-OP-01,OXYGEN PLANT,PIT240OP01B,Oxygen Plant Supply Oxygen Pressure Transmitter,bar,AI,Pressure Transmitter,0-5,Exact tag,Exact Instrument List tag match,High,Needs Review,True
TIT130ML001,Area 130,130-ML-00,,,,,,,,,PLC tag pattern only,Low,Needs Review,True
TIT240OP001,Area 240,240-OP-00,,,,,,,,,PLC tag pattern only,Low,Needs Review,True
WIT130CV001,Area 130,130-CV-00,,,,,,,,,PLC tag pattern only,Low,Needs Review,True
VSD140PP013,Area 140,140-PP-01,,,,,,,,,PLC tag pattern only,Low,Needs Review,True
VSD140PP014,Area 140,140-PP-01,,,,,,,,,PLC tag pattern only,Low,Needs Review,True
VSD140PP015,Area 140,140-PP-01,,,,,,,,,PLC tag pattern only,Low,Needs Review,True
VSD140PP016,Area 140,140-PP-01,,,,,,,,,PLC tag pattern only,Low,Needs Review,True
VSD140PP017,Area 140,140-PP-01,,,,,,,,,PLC tag pattern only,Low,Needs Review,True
VSD140PP018,Area 140,140-PP-01,,,,,,,,,PLC tag pattern only,Low,Needs Review,True
VSD140PP019,Area 140,140-PP-01,,,,,,,,,PLC tag pattern only,Low,Needs Review,True
VSD140PP020,Area 140,140-PP-02,,,,,,,,,PLC tag pattern only,Low,Needs Review,True
VSD140PP021,Area 140,140-PP-02,,,,,,,,,PLC tag pattern only,Low,Needs Review,True
VSD140PP022,Area 140,140-PP-02,,,,,,,,,PLC tag pattern only,Low,Needs Review,True
VSD140PP023,Area 140,140-PP-02,,,,,,,,,PLC tag pattern only,Low,Needs Review,True
VSD140PP024,Area 140,140-PP-02,,,,,,,,,PLC tag pattern only,Low,Needs Review,True
VSD140PP025,Area 140,140-PP-02,,,,,,,,,PLC tag pattern only,Low,Needs Review,True
VSD140PP026,Area 140,140-PP-02,,,,,,,,,PLC tag pattern only,Low,Needs Review,True
VSD220PP003,Area 220,220-PP-00,,,,,,,,,PLC tag pattern only,Low,Needs Review,True
VSD220PP004,Area 220,220-PP-00,,,,,,,,,PLC tag pattern only,Low,Needs Review,True
VSD220PP005,Area 220,220-PP-00,,,,,,,,,PLC tag pattern only,Low,Needs Review,True
VSD220PP006,Area 220,220-PP-00,,,,,,,,,PLC tag pattern only,Low,Needs Review,True
VSD220PP007,Area 220,220-PP-00,,,,,,,,,PLC tag pattern only,Low,Needs Review,True
VSD220PP010,Area 220,220-PP-01,RAW WATER SUPPLY PUMP 01 PANGULIR,,,,,,,220-PP-01; 1 instrument candidates,Equipment code match; instrument family ambiguous,Medium,Needs Review,True
VSD220PP011,Area 220,220-PP-01,RAW WATER SUPPLY PUMP 01 PANGULIR,,,,,,,220-PP-01; 1 instrument candidates,Equipment code match; instrument family ambiguous,Medium,Needs Review,True
VSD220PP013,Area 220,220-PP-01,RAW WATER SUPPLY PUMP 01 PANGULIR,,,,,,,220-PP-01; 1 instrument candidates,Equipment code match; instrument family ambiguous,Medium,Needs Review,True
VSD220PP014,Area 220,220-PP-01,RAW WATER SUPPLY PUMP 01 PANGULIR,,,,,,,220-PP-01; 1 instrument candidates,Equipment code match; instrument family ambiguous,Medium,Needs Review,True
VSD220PP015,Area 220,220-PP-01,RAW WATER SUPPLY PUMP 01 PANGULIR,,,,,,,220-PP-01; 1 instrument candidates,Equipment code match; instrument family ambiguous,Medium,Needs Review,True
VSD220PP016,Area 220,220-PP-01,RAW WATER SUPPLY PUMP 01 PANGULIR,,,,,,,220-PP-01; 1 instrument candidates,Equipment code match; instrument family ambiguous,Medium,Needs Review,True
VSD220PP021,Area 220,220-PP-02,RAW WATER SUPPLY PUMP 02 PANGULIR,,,,,,,220-PP-02; 1 instrument candidates,Equipment code match; instrument family ambiguous,Medium,Needs Review,True
VSD220PP022,Area 220,220-PP-02,RAW WATER SUPPLY PUMP 02 PANGULIR,,,,,,,220-PP-02; 1 instrument candidates,Equipment code match; instrument family ambiguous,Medium,Needs Review,True
AIT160TK005ORP,Area 160,160-TK-00,,,,,,,,,PLC tag pattern only,Low,Needs Review,True
AIT160TK005PH1,Area 160,160-TK-00,,,,,,,,,PLC tag pattern only,Low,Needs Review,True
DIT140TH001,Area 140,140-TH-00,,,,,,,,,PLC tag pattern only,Low,Needs Review,True
DIT170TH001,Area 170,170-TH-00,,,,,,,,,PLC tag pattern only,Low,Needs Review,True
FIT140TH001,Area 140,140-TH-00,,,,,,,,,PLC tag pattern only,Low,Needs Review,True
FIT140TK06A,Area 140,140-TK-06,ROUGHER FLOTATION TANK 01,FIT140TK06A,Flotation Cell (140-TK-06) Blower air Flowmeter,m³/min,AI,"Flowmeter, Calorimetric",0~13.2,Exact tag,Exact Instrument List tag match,High,Needs Review,True
FIT140TK06B,Area 140,140-TK-06,ROUGHER FLOTATION TANK 01,FIT140TK06B,Scavenger 1 Concentrate Discharge Flowmeter,m³/h,AI,"Flowmeter, Electromagnetic",0~96.6,Exact tag,Exact Instrument List tag match,High,Needs Review,True
FIT140TK06C,Area 140,140-TK-06,ROUGHER FLOTATION TANK 01,FIT140TK06C,Scavenger 2 Concentrate Discharge Flowmeter,m³/h,AI,"Flowmeter, Electromagnetic",0~66.9,Exact tag,Exact Instrument List tag match,High,Needs Review,True
FIT140TK06D,Area 140,140-TK-06,ROUGHER FLOTATION TANK 01,FIT140TK06D,Cleaner 1 Tailing Hop Discharge Flowmeter,m³/h,AI,"Flowmeter, Electromagnetic",0~126,Exact tag,Exact Instrument List tag match,High,Needs Review,True
FIT140TK007,Area 140,140-TK-00,,,,,,,,,PLC tag pattern only,Low,Needs Review,True
FIT140TK008,Area 140,140-TK-00,,,,,,,,,PLC tag pattern only,Low,Needs Review,True
FIT140TK009,Area 140,140-TK-00,,,,,,,,,PLC tag pattern only,Low,Needs Review,True
FIT140TK10A,Area 140,140-TK-10,SCAVENGER FLOTATION TANK 01,FIT140TK10A,Flotation Cell (140-TK-10) Blower air Flowmeter,m³/min,AI,"Flowmeter, Calorimetric",0~13.2,Exact tag,Exact Instrument List tag match,High,Needs Review,True
FIT140TK10B,Area 140,140-TK-10,SCAVENGER FLOTATION TANK 01,FIT140TK10B,Scavenger 3 Concentrate Discharge Flowmeter,m³/h,AI,"Flowmeter, Electromagnetic",0~59,Exact tag,Exact Instrument List tag match,High,Needs Review,True
FIT140TK011,Area 140,140-TK-01,PAX MIXING TANK,,,,,,,140-TK-01; 2 instrument candidates,Equipment code match; instrument family ambiguous,Medium,Needs Review,True
FIT140TK012,Area 140,140-TK-01,PAX MIXING TANK,,,,,,,140-TK-01; 2 instrument candidates,Equipment code match; instrument family ambiguous,Medium,Needs Review,True
FIT140TK013,Area 140,140-TK-01,PAX MIXING TANK,,,,,,,140-TK-01; 2 instrument candidates,Equipment code match; instrument family ambiguous,Medium,Needs Review,True
FIT140TK14A,Area 140,140-TK-14,SCAVENGER FLOTATION TANK 05,FIT140TK14A,Flotation Cell (140-TK-14) Blower air Flowmeter,m³/min,AI,"Flowmeter, Calorimetric",0~13.2,Exact tag,Exact Instrument List tag match,High,Needs Review,True
FIT140TK015,Area 140,140-TK-01,PAX MIXING TANK,,,,,,,140-TK-01; 2 instrument candidates,Equipment code match; instrument family ambiguous,Medium,Needs Review,True
FIT140TK016,Area 140,140-TK-01,PAX MIXING TANK,,,,,,,140-TK-01; 2 instrument candidates,Equipment code match; instrument family ambiguous,Medium,Needs Review,True
FIT140TK017,Area 140,140-TK-01,PAX MIXING TANK,,,,,,,140-TK-01; 2 instrument candidates,Equipment code match; instrument family ambiguous,Medium,Needs Review,True
FIT140TK018,Area 140,140-TK-01,PAX MIXING TANK,,,,,,,140-TK-01; 2 instrument candidates,Equipment code match; instrument family ambiguous,Medium,Needs Review,True
FIT140TK019,Area 140,140-TK-01,PAX MIXING TANK,,,,,,,140-TK-01; 2 instrument candidates,Equipment code match; instrument family ambiguous,Medium,Needs Review,True
FIT140TK020,Area 140,140-TK-02,REAGENT TRIAL TANK,,,,,,,140-TK-02; 2 instrument candidates,Equipment code match; instrument family ambiguous,Medium,Needs Review,True
FIT140TK021,Area 140,140-TK-02,REAGENT TRIAL TANK,,,,,,,140-TK-02; 2 instrument candidates,Equipment code match; instrument family ambiguous,Medium,Needs Review,True
FIT140TK022,Area 140,140-TK-02,REAGENT TRIAL TANK,,,,,,,140-TK-02; 2 instrument candidates,Equipment code match; instrument family ambiguous,Medium,Needs Review,True
FIT140TK023,Area 140,140-TK-02,REAGENT TRIAL TANK,,,,,,,140-TK-02; 2 instrument candidates,Equipment code match; instrument family ambiguous,Medium,Needs Review,True
FIT140TK024,Area 140,140-TK-02,REAGENT TRIAL TANK,,,,,,,140-TK-02; 2 instrument candidates,Equipment code match; instrument family ambiguous,Medium,Needs Review,True
FIT140TK24B,Area 140,140-TK-24,CLEANER FLOTATION TANK 04,FIT140TK24B,Rougher Circuit Concentrate Discharge Slurry Flowmeter,m³/h,AI,"Flowmeter, Electromagnetic",0~146,Exact tag,Exact Instrument List tag match,High,Needs Review,True
FIT140TK025,Area 140,140-TK-02,REAGENT TRIAL TANK,,,,,,,140-TK-02; 2 instrument candidates,Equipment code match; instrument family ambiguous,Medium,Needs Review,True
FIT140TK026,Area 140,140-TK-02,REAGENT TRIAL TANK,,,,,,,140-TK-02; 2 instrument candidates,Equipment code match; instrument family ambiguous,Medium,Needs Review,True
FIT140TK027,Area 140,140-TK-02,REAGENT TRIAL TANK,,,,,,,140-TK-02; 2 instrument candidates,Equipment code match; instrument family ambiguous,Medium,Needs Review,True
FIT140TK028,Area 140,140-TK-02,REAGENT TRIAL TANK,,,,,,,140-TK-02; 2 instrument candidates,Equipment code match; instrument family ambiguous,Medium,Needs Review,True
FIT140TK029,Area 140,140-TK-02,REAGENT TRIAL TANK,,,,,,,140-TK-02; 2 instrument candidates,Equipment code match; instrument family ambiguous,Medium,Needs Review,True
FIT140TK030,Area 140,140-TK-03,CUSO4 MIXING TANK,,,,,,,140-TK-03; 2 instrument candidates,Equipment code match; instrument family ambiguous,Medium,Needs Review,True
FIT140TK031,Area 140,140-TK-03,CUSO4 MIXING TANK,,,,,,,140-TK-03; 2 instrument candidates,Equipment code match; instrument family ambiguous,Medium,Needs Review,True
FIT170TH001,Area 170,170-TH-00,,,,,,,,,PLC tag pattern only,Low,Needs Review,True
FIT220TK001,Area 220,220-TK-00,,,,,,,,,PLC tag pattern only,Low,Needs Review,True
LCV140TK09A,Area 140,140-TK-09,ROUGHER FLOTATION TANK 04,LCV140TK09A,Flotation Cell s (140-TK-09) Discharge Valve Position Feedback,%,AI,Air Modulation Actuator,0~100%,Exact tag,Exact Instrument List tag match,High,Needs Review,True
LCV140TK09B,Area 140,140-TK-09,ROUGHER FLOTATION TANK 04,LCV140TK09B,Flotation Cell s (140-TK-09) Discharge Valve Position Feedback,%,AI,Air Modulation Actuator,0~100%,Exact tag,Exact Instrument List tag match,High,Needs Review,True
LCV140TK13A,Area 140,140-TK-13,SCAVENGER FLOTATION TANK 04,LCV140TK13A,Flotation Cell (140-TK-13) Discharge Valve Position Feedback,%,AI,Air Modulation Actuator,0~100%,Exact tag,Exact Instrument List tag match,High,Needs Review,True
LCV140TK13B,Area 140,140-TK-13,SCAVENGER FLOTATION TANK 04,LCV140TK13B,Flotation Cell (140-TK-13) Discharge Valve Position Feedback,%,AI,Air Modulation Actuator,0~100%,Exact tag,Exact Instrument List tag match,High,Needs Review,True
LCV140TK17A,Area 140,140-TK-17,SCAVENGER FLOTATION TANK 08,LCV140TK17A,Flotation Cell (140-TK-17) Discharge Valve Position Feedback,%,AI,Air Modulation Actuator,0~100%,Exact tag,Exact Instrument List tag match,High,Needs Review,True
LCV140TK17B,Area 140,140-TK-17,SCAVENGER FLOTATION TANK 08,LCV140TK17B,Flotation Cell (140-TK-17) Discharge Valve Position Feedback,%,AI,Air Modulation Actuator,0~100%,Exact tag,Exact Instrument List tag match,High,Needs Review,True
LCV140TK20A,Area 140,140-TK-20,SCAVENGER FLOTATION TANK 11,LCV140TK20A,Flotation Cell (140-TK-20) Discharge Valve Position Feedback,%,AI,Air Modulation Actuator,0~100%,Exact tag,Exact Instrument List tag match,High,Needs Review,True
LCV140TK20B,Area 140,140-TK-20,SCAVENGER FLOTATION TANK 11,LCV140TK20B,Flotation Cell (140-TK-20) Discharge Valve Position Feedback,%,AI,Air Modulation Actuator,0~100%,Exact tag,Exact Instrument List tag match,High,Needs Review,True
LCV140TK021,Area 140,140-TK-02,REAGENT TRIAL TANK,,,,,,,140-TK-02; 2 instrument candidates,Equipment code match; instrument family ambiguous,Medium,Needs Review,True
LCV140TK025,Area 140,140-TK-02,REAGENT TRIAL TANK,,,,,,,140-TK-02; 2 instrument candidates,Equipment code match; instrument family ambiguous,Medium,Needs Review,True
LCV140TK029,Area 140,140-TK-02,REAGENT TRIAL TANK,,,,,,,140-TK-02; 2 instrument candidates,Equipment code match; instrument family ambiguous,Medium,Needs Review,True
LIT140HP001,Area 140,140-HP-00,,,,,,,,,PLC tag pattern only,Low,Needs Review,True
LIT140HP002,Area 140,140-HP-00,,,,,,,,,PLC tag pattern only,Low,Needs Review,True
LIT140HP006,Area 140,140-HP-00,,,,,,,,,PLC tag pattern only,Low,Needs Review,True
LIT140HP007,Area 140,140-HP-00,,,,,,,,,PLC tag pattern only,Low,Needs Review,True
LIT140HP008,Area 140,140-HP-00,,,,,,,,,PLC tag pattern only,Low,Needs Review,True
LIT140HP009,Area 140,140-HP-00,,,,,,,,,PLC tag pattern only,Low,Needs Review,True
LIT140HP010,Area 140,140-HP-01,,,,,,,,,PLC tag pattern only,Low,Needs Review,True
LIT140TK01A,Area 140,140-TK-01,PAX MIXING TANK,LIT140TK01A,Reagent Mixing Tank (140-TK-01) Level meter,mm,AI,"Level Transmitter, Ultrasonic",0~1500,Exact tag,Exact Instrument List tag match,High,Needs Review,True
LIT140TK02A,Area 140,140-TK-02,REAGENT TRIAL TANK,LIT140TK02A,Reagent Mixing Tank (140-TK-02) Level meter,mm,AI,"Level Transmitter, Ultrasonic",0~1500,Exact tag,Exact Instrument List tag match,High,Needs Review,True
LIT140TK03A,Area 140,140-TK-03,CUSO4 MIXING TANK,LIT140TK03A,Reagent Mixing Tank (140-TK-03) Level meter,mm,AI,"Level Transmitter, Ultrasonic",0~1500,Exact tag,Exact Instrument List tag match,High,Needs Review,True
LIT140TK04A,Area 140,140-TK-04,CONDITIONING TANK 01,LIT140TK04,Reagent Mixing Tank (140-TK-04) Level Meter,mm,AI,"Level Transmitter, Ultrasonic",0~4500,140-TK-04 + LI,Equipment code + measurement family match,Medium,Needs Review,True
LIT140TK005,Area 140,140-TK-00,,,,,,,,,PLC tag pattern only,Low,Needs Review,True
LIT140TK009,Area 140,140-TK-00,,,,,,,,,PLC tag pattern only,Low,Needs Review,True
LIT140TK013,Area 140,140-TK-01,PAX MIXING TANK,LIT140TK01A,Reagent Mixing Tank (140-TK-01) Level meter,mm,AI,"Level Transmitter, Ultrasonic",0~1500,140-TK-01 + LI,Equipment code + measurement family match,Medium,Needs Review,True
LIT140TK017,Area 140,140-TK-01,PAX MIXING TANK,LIT140TK01A,Reagent Mixing Tank (140-TK-01) Level meter,mm,AI,"Level Transmitter, Ultrasonic",0~1500,140-TK-01 + LI,Equipment code + measurement family match,Medium,Needs Review,True
LIT140TK020,Area 140,140-TK-02,REAGENT TRIAL TANK,LIT140TK02A,Reagent Mixing Tank (140-TK-02) Level meter,mm,AI,"Level Transmitter, Ultrasonic",0~1500,140-TK-02 + LI,Equipment code + measurement family match,Medium,Needs Review,True
LIT140TK021,Area 140,140-TK-02,REAGENT TRIAL TANK,LIT140TK02A,Reagent Mixing Tank (140-TK-02) Level meter,mm,AI,"Level Transmitter, Ultrasonic",0~1500,140-TK-02 + LI,Equipment code + measurement family match,Medium,Needs Review,True
LIT140TK025,Area 140,140-TK-02,REAGENT TRIAL TANK,LIT140TK02A,Reagent Mixing Tank (140-TK-02) Level meter,mm,AI,"Level Transmitter, Ultrasonic",0~1500,140-TK-02 + LI,Equipment code + measurement family match,Medium,Needs Review,True
LIT140TK029,Area 140,140-TK-02,REAGENT TRIAL TANK,LIT140TK02A,Reagent Mixing Tank (140-TK-02) Level meter,mm,AI,"Level Transmitter, Ultrasonic",0~1500,140-TK-02 + LI,Equipment code + measurement family match,Medium,Needs Review,True
LIT140TK032,Area 140,140-TK-03,CUSO4 MIXING TANK,LIT140TK03A,Reagent Mixing Tank (140-TK-03) Level meter,mm,AI,"Level Transmitter, Ultrasonic",0~1500,140-TK-03 + LI,Equipment code + measurement family match,Medium,Needs Review,True
LIT140TK033,Area 140,140-TK-03,CUSO4 MIXING TANK,LIT140TK03A,Reagent Mixing Tank (140-TK-03) Level meter,mm,AI,"Level Transmitter, Ultrasonic",0~1500,140-TK-03 + LI,Equipment code + measurement family match,Medium,Needs Review,True
LIT150TK03A,Area 150,150-TK-03,STORAGE AGITATING TANK 01,LIT150TK03A,Storage Agitating Tank (150-TK-03) Level Transmitter,mm,AI,"Level Transmitter, Ultrasonic",0~3000,Exact tag,Exact Instrument List tag match,High,Needs Review,True
LIT150TK04A,Area 150,150-TK-04,STORAGE AGITATING TANK 02,LIT150TK04A,Storage Agitating Tank (150-TK-04) Level Transmitter,mm,AI,"Level Transmitter, Ultrasonic",0~3000,Exact tag,Exact Instrument List tag match,High,Needs Review,True
LIT150TK05A,Area 150,150-TK-05,BUFFER AGITATING TANK,LIT150TK05A,Buffer Agitating Tank (150-TK-05) Level Transmitter,mm,AI,"Level Transmitter, Ultrasonic",0~3000,Exact tag,Exact Instrument List tag match,High,Needs Review,True
LIT190BX01A,Area 190,190-BX-01,REAGENT STORAGE BOX 01 CUSO4 /H2O2,LIT190BX01A,Reagent Tank (190-BX-01) Level Meter,mm,AI,"Level Transmitter, Ultrasonic",0~2000,Exact tag,Exact Instrument List tag match,High,Needs Review,True
LIT190BX01B,Area 190,190-BX-01,REAGENT STORAGE BOX 01 CUSO4 /H2O2,LIT190BX01B,Reagent Tank (190-BX-01) Level Meter,mm,AI,"Level Transmitter, Ultrasonic",0~2000,Exact tag,Exact Instrument List tag match,High,Needs Review,True
LIT190BX002,Area 190,190-BX-00,,,,,,,,,PLC tag pattern only,Low,Needs Review,True
LIT190BX003,Area 190,190-BX-00,,,,,,,,,PLC tag pattern only,Low,Needs Review,True
LIT190TK008,Area 190,190-TK-00,,,,,,,,,PLC tag pattern only,Low,Needs Review,True
LIT190TK009,Area 190,190-TK-00,,,,,,,,,PLC tag pattern only,Low,Needs Review,True
LIT190TK010,Area 190,190-TK-01,TAIL BUFFER TANK,,,,,,,190-TK-01; 2 instrument candidates,Equipment code match; instrument family ambiguous,Medium,Needs Review,True
LIT190TK011,Area 190,190-TK-01,TAIL BUFFER TANK,,,,,,,190-TK-01; 2 instrument candidates,Equipment code match; instrument family ambiguous,Medium,Needs Review,True
LIT220TK01A,Area 220,220-TK-01,RAW WATER TANK,LIT220TK01A,Raw Water Tank  (220-TK-01) Level meter,mm,AI,"Level Transmitter, Ultrasonic",0~13500,Exact tag,Exact Instrument List tag match,High,Needs Review,True
LIT220TK02A,Area 220,220-TK-02,FIRE WATER TANK,LIT220TK02A,Fire Water Tank  (220-TK-02) Level meter,mm,AI,"Level Transmitter, Ultrasonic",0~8000,Exact tag,Exact Instrument List tag match,High,Needs Review,True
LIT220TK03A,Area 220,220-TK-03,PROCESS WATER TANK FREE CYANIDE,LIT220TK03A,Process Water Tank  (220-TK-03) Level meter,mm,AI,"Level Transmitter, Ultrasonic",0~15500,Exact tag,Exact Instrument List tag match,High,Needs Review,True
LIT220TK04A,Area 220,220-TK-04,FILTERED WATER TANK,LIT220TK04A,Filtered Water Tank  (220-TK-04) Level Meter,mm,AI,"Level Transmitter, Ultrasonic",0~8500,Exact tag,Exact Instrument List tag match,High,Needs Review,True
LIT220TK05A,Area 220,220-TK-05,HYPOCHLORIDE TANK,LIT220TK05A,Hypochlorite Tank  (220-TK-05) Level Meter,mm,AI,"Level Transmitter, Ultrasonic",0~1000,Exact tag,Exact Instrument List tag match,High,Needs Review,True
LIT220TK06A,Area 220,220-TK-06,TREATED WATER TANK,LIT220TK06A,Treated Water Tank  (220-TK-06) Level Meter,mm,AI,"Level Transmitter, Ultrasonic",0~2500,Exact tag,Exact Instrument List tag match,High,Needs Review,True
PIT220FPP01,Area 220,220-FPP-01,ELECTRIC WATER PUMP,,,,,,,,PLC tag pattern only,Low,Needs Review,True
PIT220PPC01,Area 220,220-PPC-01,,,,,,,,,PLC tag pattern only,Low,Needs Review,True
PIT240BWR01,Area 240,240-BWR-01,FLOTATION AREA BLOWER 01,PIT240BWR01,Blower 1 Outlet Pressure Transmitter,bar,AI,Pressure Transmitter,0-0.49,Exact tag,Exact Instrument List tag match,High,Needs Review,True
PIT240BWR02,Area 240,240-BWR-02,FLOTATION AREA BLOWER 02,PIT240BWR02,Blower 2 Outlet Pressure Transmitter,bar,AI,Pressure Transmitter,0-0.49,Exact tag,Exact Instrument List tag match,High,Needs Review,True
TIT240BWR01,Area 240,240-BWR-01,FLOTATION AREA BLOWER 01,,,,,,,,PLC tag pattern only,Low,Needs Review,True
TIT240BWR02,Area 240,240-BWR-02,FLOTATION AREA BLOWER 02,,,,,,,,PLC tag pattern only,Low,Needs Review,True
WIT150TK01A,Area 150,150-TK-01,SLURRY MAKING TANK 01,WIT150TK01A,Slurry Making Tank (150-TK-01) Weightometer,t,AI,Weightometer,0-100,Exact tag,Exact Instrument List tag match,High,Needs Review,True
WIT150TK02A,Area 150,150-TK-02,SLURRY MAKING TANK 02,WIT150TK02A,Slurry Making Tank (150-TK-02) Weightometer,t,AI,Weightometer,0-100,Exact tag,Exact Instrument List tag match,High,Needs Review,True
IIT190AG008,Area 190,190-AG-00,,,,,,,,,PLC tag pattern only,Low,Needs Review,True
IIT190AG009,Area 190,190-AG-00,,,,,,,,,PLC tag pattern only,Low,Needs Review,True
IIT190AG010,Area 190,190-AG-01,CYANIDE DESTRUCTION TANK AGITATOR,,,,,,,,PLC tag pattern only,Low,Needs Review,True
VSD190PP001,Area 190,190-PP-00,,,,,,,,,PLC tag pattern only,Low,Needs Review,True
VSD190PP002,Area 190,190-PP-00,,,,,,,,,PLC tag pattern only,Low,Needs Review,True
VSD190PP003,Area 190,190-PP-00,,,,,,,,,PLC tag pattern only,Low,Needs Review,True
VSD190PP004,Area 190,190-PP-00,,,,,,,,,PLC tag pattern only,Low,Needs Review,True
VSD190PP005,Area 190,190-PP-00,,,,,,,,,PLC tag pattern only,Low,Needs Review,True
VSD190PP006,Area 190,190-PP-00,,,,,,,,,PLC tag pattern only,Low,Needs Review,True
VSD190PP007,Area 190,190-PP-00,,,,,,,,,PLC tag pattern only,Low,Needs Review,True
VSD190PP008,Area 190,190-PP-00,,,,,,,,,PLC tag pattern only,Low,Needs Review,True
VSD190PP009,Area 190,190-PP-00,,,,,,,,,PLC tag pattern only,Low,Needs Review,True
VSD190PP010,Area 190,190-PP-01,TAILING DEWATERING THICKENER UNDERFLOW PUMP-01,,,,,,,,PLC tag pattern only,Low,Needs Review,True
VSD190PP028,Area 190,190-PP-02,TAILING DEWATERING THICKENER UNDERFLOW PUMP-02,,,,,,,,PLC tag pattern only,Low,Needs Review,True
VSD190PP029,Area 190,190-PP-02,TAILING DEWATERING THICKENER UNDERFLOW PUMP-02,,,,,,,,PLC tag pattern only,Low,Needs Review,True
VSD190PP031,Area 190,190-PP-03,FILTER PRESS FEEDING PUMP 01,,,,,,,190-PP-03; 3 instrument candidates,Equipment code match; instrument family ambiguous,Medium,Needs Review,True
VSD190PP032,Area 190,190-PP-03,FILTER PRESS FEEDING PUMP 01,,,,,,,190-PP-03; 3 instrument candidates,Equipment code match; instrument family ambiguous,Medium,Needs Review,True
AIT190TK005PH1,Area 190,190-TK-00,,,,,,,,,PLC tag pattern only,Low,Needs Review,True
AIT190TK007PH1,Area 190,190-TK-00,,,,,,,,,PLC tag pattern only,Low,Needs Review,True
AIT190TK015PH1,Area 190,190-TK-01,TAIL BUFFER TANK,,,,,,,190-TK-01; 2 instrument candidates,Equipment code match; instrument family ambiguous,Medium,Needs Review,True
AIT190AIR01HCN,Area 190,190-AIR-01,,,,,,,,,PLC tag pattern only,Low,Needs Review,True
AIT190AIR02HCN,Area 190,190-AIR-02,,,,,,,,,PLC tag pattern only,Low,Needs Review,True
DIT190TK001,Area 190,190-TK-00,,,,,,,,,PLC tag pattern only,Low,Needs Review,True
FIT190TK001,Area 190,190-TK-00,,,,,,,,,PLC tag pattern only,Low,Needs Review,True
LIT190HP022,Area 190,190-HP-02,,,,,,,,,PLC tag pattern only,Low,Needs Review,True
LIT190TK001,Area 190,190-TK-00,,,,,,,,,PLC tag pattern only,Low,Needs Review,True
LIT190TK002,Area 190,190-TK-00,,,,,,,,,PLC tag pattern only,Low,Needs Review,True
LIT190TK003,Area 190,190-TK-00,,,,,,,,,PLC tag pattern only,Low,Needs Review,True
LIT190TK012,Area 190,190-TK-01,TAIL BUFFER TANK,,,,,,,190-TK-01; 2 instrument candidates,Equipment code match; instrument family ambiguous,Medium,Needs Review,True
LIT190TK015,Area 190,190-TK-01,TAIL BUFFER TANK,,,,,,,190-TK-01; 2 instrument candidates,Equipment code match; instrument family ambiguous,Medium,Needs Review,True
TIT130ML002001,Area 130,130-ML-02,BALL MILL,,,,,,,130-ML-02; 3 instrument candidates,Equipment code match; instrument family ambiguous,Medium,Needs Review,True
TIT130ML002002,Area 130,130-ML-02,BALL MILL,,,,,,,130-ML-02; 3 instrument candidates,Equipment code match; instrument family ambiguous,Medium,Needs Review,True
TIT130ML002003,Area 130,130-ML-02,BALL MILL,,,,,,,130-ML-02; 3 instrument candidates,Equipment code match; instrument family ambiguous,Medium,Needs Review,True
TIT130ML002004,Area 130,130-ML-02,BALL MILL,,,,,,,130-ML-02; 3 instrument candidates,Equipment code match; instrument family ambiguous,Medium,Needs Review,True
TIT130ML002005,Area 130,130-ML-02,BALL MILL,,,,,,,130-ML-02; 3 instrument candidates,Equipment code match; instrument family ambiguous,Medium,Needs Review,True
TIT130ML002006,Area 130,130-ML-02,BALL MILL,,,,,,,130-ML-02; 3 instrument candidates,Equipment code match; instrument family ambiguous,Medium,Needs Review,True
FIT130ML002001,Area 130,130-ML-02,BALL MILL,FIT130ML02A,Process Water to Ball mill (130-ML-02) Flow meter,m³/h,AI,"Flowmeter, Electromagnetic",0~12,130-ML-02 + FI,Equipment code + measurement family match,Medium,Needs Review,True
FIT130ML002002,Area 130,130-ML-02,BALL MILL,FIT130ML02A,Process Water to Ball mill (130-ML-02) Flow meter,m³/h,AI,"Flowmeter, Electromagnetic",0~12,130-ML-02 + FI,Equipment code + measurement family match,Medium,Needs Review,True
PIT130ML002001,Area 130,130-ML-02,BALL MILL,,,,,,,130-ML-02; 3 instrument candidates,Equipment code match; instrument family ambiguous,Medium,Needs Review,True
PIT130ML002002,Area 130,130-ML-02,BALL MILL,,,,,,,130-ML-02; 3 instrument candidates,Equipment code match; instrument family ambiguous,Medium,Needs Review,True
PIT130ML002003,Area 130,130-ML-02,BALL MILL,,,,,,,130-ML-02; 3 instrument candidates,Equipment code match; instrument family ambiguous,Medium,Needs Review,True
PIT130ML002004,Area 130,130-ML-02,BALL MILL,,,,,,,130-ML-02; 3 instrument candidates,Equipment code match; instrument family ambiguous,Medium,Needs Review,True
FIT130ML002003,Area 130,130-ML-02,BALL MILL,FIT130ML02A,Process Water to Ball mill (130-ML-02) Flow meter,m³/h,AI,"Flowmeter, Electromagnetic",0~12,130-ML-02 + FI,Equipment code + measurement family match,Medium,Needs Review,True
FIT130ML002004,Area 130,130-ML-02,BALL MILL,FIT130ML02A,Process Water to Ball mill (130-ML-02) Flow meter,m³/h,AI,"Flowmeter, Electromagnetic",0~12,130-ML-02 + FI,Equipment code + measurement family match,Medium,Needs Review,True
PIT130ML002005,Area 130,130-ML-02,BALL MILL,,,,,,,130-ML-02; 3 instrument candidates,Equipment code match; instrument family ambiguous,Medium,Needs Review,True
TIT130ML002007,Area 130,130-ML-02,BALL MILL,,,,,,,130-ML-02; 3 instrument candidates,Equipment code match; instrument family ambiguous,Medium,Needs Review,True
TIT130ML002008,Area 130,130-ML-02,BALL MILL,,,,,,,130-ML-02; 3 instrument candidates,Equipment code match; instrument family ambiguous,Medium,Needs Review,True
VIT130ML002001,Area 130,130-ML-02,BALL MILL,,,,,,,130-ML-02; 3 instrument candidates,Equipment code match; instrument family ambiguous,Medium,Needs Review,True
VIT130ML002002,Area 130,130-ML-02,BALL MILL,,,,,,,130-ML-02; 3 instrument candidates,Equipment code match; instrument family ambiguous,Medium,Needs Review,True
TIT130ML002009,Area 130,130-ML-02,BALL MILL,,,,,,,130-ML-02; 3 instrument candidates,Equipment code match; instrument family ambiguous,Medium,Needs Review,True
TIT130ML002010,Area 130,130-ML-02,BALL MILL,,,,,,,130-ML-02; 3 instrument candidates,Equipment code match; instrument family ambiguous,Medium,Needs Review,True
IIT130ML002001,Area 130,130-ML-02,BALL MILL,,,,,,,130-ML-02; 3 instrument candidates,Equipment code match; instrument family ambiguous,Medium,Needs Review,True
TIT130ML002011,Area 130,130-ML-02,BALL MILL,,,,,,,130-ML-02; 3 instrument candidates,Equipment code match; instrument family ambiguous,Medium,Needs Review,True
TIT130ML002012,Area 130,130-ML-02,BALL MILL,,,,,,,130-ML-02; 3 instrument candidates,Equipment code match; instrument family ambiguous,Medium,Needs Review,True
TIT130ML002013,Area 130,130-ML-02,BALL MILL,,,,,,,130-ML-02; 3 instrument candidates,Equipment code match; instrument family ambiguous,Medium,Needs Review,True
TIT130ML002014,Area 130,130-ML-02,BALL MILL,,,,,,,130-ML-02; 3 instrument candidates,Equipment code match; instrument family ambiguous,Medium,Needs Review,True
TIT130ML002015,Area 130,130-ML-02,BALL MILL,,,,,,,130-ML-02; 3 instrument candidates,Equipment code match; instrument family ambiguous,Medium,Needs Review,True
TIT130ML002016,Area 130,130-ML-02,BALL MILL,,,,,,,130-ML-02; 3 instrument candidates,Equipment code match; instrument family ambiguous,Medium,Needs Review,True
TIT130ML002017,Area 130,130-ML-02,BALL MILL,,,,,,,130-ML-02; 3 instrument candidates,Equipment code match; instrument family ambiguous,Medium,Needs Review,True
TIT130ML002018,Area 130,130-ML-02,BALL MILL,,,,,,,130-ML-02; 3 instrument candidates,Equipment code match; instrument family ambiguous,Medium,Needs Review,True
TIT130ML002019,Area 130,130-ML-02,BALL MILL,,,,,,,130-ML-02; 3 instrument candidates,Equipment code match; instrument family ambiguous,Medium,Needs Review,True
VIT130ML002003,Area 130,130-ML-02,BALL MILL,,,,,,,130-ML-02; 3 instrument candidates,Equipment code match; instrument family ambiguous,Medium,Needs Review,True
VIT130ML002004,Area 130,130-ML-02,BALL MILL,,,,,,,130-ML-02; 3 instrument candidates,Equipment code match; instrument family ambiguous,Medium,Needs Review,True
VIT130ML002005,Area 130,130-ML-02,BALL MILL,,,,,,,130-ML-02; 3 instrument candidates,Equipment code match; instrument family ambiguous,Medium,Needs Review,True
VIT130ML002006,Area 130,130-ML-02,BALL MILL,,,,,,,130-ML-02; 3 instrument candidates,Equipment code match; instrument family ambiguous,Medium,Needs Review,True
TIT130ML002020,Area 130,130-ML-02,BALL MILL,,,,,,,130-ML-02; 3 instrument candidates,Equipment code match; instrument family ambiguous,Medium,Needs Review,True
TIT130ML002021,Area 130,130-ML-02,BALL MILL,,,,,,,130-ML-02; 3 instrument candidates,Equipment code match; instrument family ambiguous,Medium,Needs Review,True
FIT130ML002005,Area 130,130-ML-02,BALL MILL,FIT130ML02A,Process Water to Ball mill (130-ML-02) Flow meter,m³/h,AI,"Flowmeter, Electromagnetic",0~12,130-ML-02 + FI,Equipment code + measurement family match,Medium,Needs Review,True
FIT130ML002006,Area 130,130-ML-02,BALL MILL,FIT130ML02A,Process Water to Ball mill (130-ML-02) Flow meter,m³/h,AI,"Flowmeter, Electromagnetic",0~12,130-ML-02 + FI,Equipment code + measurement family match,Medium,Needs Review,True
TIT130ML002022,Area 130,130-ML-02,BALL MILL,,,,,,,130-ML-02; 3 instrument candidates,Equipment code match; instrument family ambiguous,Medium,Needs Review,True
TIT130ML002023,Area 130,130-ML-02,BALL MILL,,,,,,,130-ML-02; 3 instrument candidates,Equipment code match; instrument family ambiguous,Medium,Needs Review,True
TIT130ML002024,Area 130,130-ML-02,BALL MILL,,,,,,,130-ML-02; 3 instrument candidates,Equipment code match; instrument family ambiguous,Medium,Needs Review,True
TIT130ML001001,Area 130,130-ML-01,SAG MILL,,,,,,,130-ML-01; 1 instrument candidates,Equipment code match; instrument family ambiguous,Medium,Needs Review,True
TIT130ML001002,Area 130,130-ML-01,SAG MILL,,,,,,,130-ML-01; 1 instrument candidates,Equipment code match; instrument family ambiguous,Medium,Needs Review,True
TIT130ML001003,Area 130,130-ML-01,SAG MILL,,,,,,,130-ML-01; 1 instrument candidates,Equipment code match; instrument family ambiguous,Medium,Needs Review,True
TIT130ML001004,Area 130,130-ML-01,SAG MILL,,,,,,,130-ML-01; 1 instrument candidates,Equipment code match; instrument family ambiguous,Medium,Needs Review,True
TIT130ML001005,Area 130,130-ML-01,SAG MILL,,,,,,,130-ML-01; 1 instrument candidates,Equipment code match; instrument family ambiguous,Medium,Needs Review,True
TIT130ML001006,Area 130,130-ML-01,SAG MILL,,,,,,,130-ML-01; 1 instrument candidates,Equipment code match; instrument family ambiguous,Medium,Needs Review,True
FIT130ML001001,Area 130,130-ML-01,SAG MILL,,,,,,,130-ML-01; 1 instrument candidates,Equipment code match; instrument family ambiguous,Medium,Needs Review,True
FIT130ML001002,Area 130,130-ML-01,SAG MILL,,,,,,,130-ML-01; 1 instrument candidates,Equipment code match; instrument family ambiguous,Medium,Needs Review,True
PIT130ML001001,Area 130,130-ML-01,SAG MILL,,,,,,,130-ML-01; 1 instrument candidates,Equipment code match; instrument family ambiguous,Medium,Needs Review,True
PIT130ML001002,Area 130,130-ML-01,SAG MILL,,,,,,,130-ML-01; 1 instrument candidates,Equipment code match; instrument family ambiguous,Medium,Needs Review,True
PIT130ML001003,Area 130,130-ML-01,SAG MILL,,,,,,,130-ML-01; 1 instrument candidates,Equipment code match; instrument family ambiguous,Medium,Needs Review,True
PIT130ML001004,Area 130,130-ML-01,SAG MILL,,,,,,,130-ML-01; 1 instrument candidates,Equipment code match; instrument family ambiguous,Medium,Needs Review,True
FIT130ML001003,Area 130,130-ML-01,SAG MILL,,,,,,,130-ML-01; 1 instrument candidates,Equipment code match; instrument family ambiguous,Medium,Needs Review,True
FIT130ML001004,Area 130,130-ML-01,SAG MILL,,,,,,,130-ML-01; 1 instrument candidates,Equipment code match; instrument family ambiguous,Medium,Needs Review,True
FIT130ML001005,Area 130,130-ML-01,SAG MILL,,,,,,,130-ML-01; 1 instrument candidates,Equipment code match; instrument family ambiguous,Medium,Needs Review,True
TIT130ML001007,Area 130,130-ML-01,SAG MILL,,,,,,,130-ML-01; 1 instrument candidates,Equipment code match; instrument family ambiguous,Medium,Needs Review,True
TIT130ML001008,Area 130,130-ML-01,SAG MILL,,,,,,,130-ML-01; 1 instrument candidates,Equipment code match; instrument family ambiguous,Medium,Needs Review,True
VIT130ML001001,Area 130,130-ML-01,SAG MILL,,,,,,,130-ML-01; 1 instrument candidates,Equipment code match; instrument family ambiguous,Medium,Needs Review,True
VIT130ML001002,Area 130,130-ML-01,SAG MILL,,,,,,,130-ML-01; 1 instrument candidates,Equipment code match; instrument family ambiguous,Medium,Needs Review,True
TIT130ML001009,Area 130,130-ML-01,SAG MILL,,,,,,,130-ML-01; 1 instrument candidates,Equipment code match; instrument family ambiguous,Medium,Needs Review,True
TIT130ML001010,Area 130,130-ML-01,SAG MILL,,,,,,,130-ML-01; 1 instrument candidates,Equipment code match; instrument family ambiguous,Medium,Needs Review,True
IIT130ML001001,Area 130,130-ML-01,SAG MILL,,,,,,,130-ML-01; 1 instrument candidates,Equipment code match; instrument family ambiguous,Medium,Needs Review,True
VSD130ML001,Area 130,130-ML-00,,,,,,,,,PLC tag pattern only,Low,Needs Review,True
TIT130ML0O1011,Area 130,130-ML-00,,,,,,,,,PLC tag pattern only,Low,Needs Review,True
TIT130ML0O1012,Area 130,130-ML-00,,,,,,,,,PLC tag pattern only,Low,Needs Review,True
FIT130ML001006,Area 130,130-ML-01,SAG MILL,,,,,,,130-ML-01; 1 instrument candidates,Equipment code match; instrument family ambiguous,Medium,Needs Review,True
PIT130ML001006,Area 130,130-ML-01,SAG MILL,,,,,,,130-ML-01; 1 instrument candidates,Equipment code match; instrument family ambiguous,Medium,Needs Review,True
FIT130ML001007,Area 130,130-ML-01,SAG MILL,,,,,,,130-ML-01; 1 instrument candidates,Equipment code match; instrument family ambiguous,Medium,Needs Review,True
PIT130ML001007,Area 130,130-ML-01,SAG MILL,,,,,,,130-ML-01; 1 instrument candidates,Equipment code match; instrument family ambiguous,Medium,Needs Review,True
TIT130ML001013,Area 130,130-ML-01,SAG MILL,,,,,,,130-ML-01; 1 instrument candidates,Equipment code match; instrument family ambiguous,Medium,Needs Review,True
TIT130ML001014,Area 130,130-ML-01,SAG MILL,,,,,,,130-ML-01; 1 instrument candidates,Equipment code match; instrument family ambiguous,Medium,Needs Review,True
TIT130ML001015,Area 130,130-ML-01,SAG MILL,,,,,,,130-ML-01; 1 instrument candidates,Equipment code match; instrument family ambiguous,Medium,Needs Review,True
TIT130ML001016,Area 130,130-ML-01,SAG MILL,,,,,,,130-ML-01; 1 instrument candidates,Equipment code match; instrument family ambiguous,Medium,Needs Review,True
TIT130ML001017,Area 130,130-ML-01,SAG MILL,,,,,,,130-ML-01; 1 instrument candidates,Equipment code match; instrument family ambiguous,Medium,Needs Review,True
TIT130ML001018,Area 130,130-ML-01,SAG MILL,,,,,,,130-ML-01; 1 instrument candidates,Equipment code match; instrument family ambiguous,Medium,Needs Review,True
TIT130ML001019,Area 130,130-ML-01,SAG MILL,,,,,,,130-ML-01; 1 instrument candidates,Equipment code match; instrument family ambiguous,Medium,Needs Review,True
TIT130ML001020,Area 130,130-ML-01,SAG MILL,,,,,,,130-ML-01; 1 instrument candidates,Equipment code match; instrument family ambiguous,Medium,Needs Review,True
TIT130ML001021,Area 130,130-ML-01,SAG MILL,,,,,,,130-ML-01; 1 instrument candidates,Equipment code match; instrument family ambiguous,Medium,Needs Review,True
PWR130ML001,Area 130,130-ML-00,,,,,,,,,PLC tag pattern only,Low,Needs Review,True
VIT130ML001003,Area 130,130-ML-01,SAG MILL,,,,,,,130-ML-01; 1 instrument candidates,Equipment code match; instrument family ambiguous,Medium,Needs Review,True
VIT130ML001004,Area 130,130-ML-01,SAG MILL,,,,,,,130-ML-01; 1 instrument candidates,Equipment code match; instrument family ambiguous,Medium,Needs Review,True
VIT130ML001005,Area 130,130-ML-01,SAG MILL,,,,,,,130-ML-01; 1 instrument candidates,Equipment code match; instrument family ambiguous,Medium,Needs Review,True
VIT130ML001006,Area 130,130-ML-01,SAG MILL,,,,,,,130-ML-01; 1 instrument candidates,Equipment code match; instrument family ambiguous,Medium,Needs Review,True
TIT130ML001022,Area 130,130-ML-01,SAG MILL,,,,,,,130-ML-01; 1 instrument candidates,Equipment code match; instrument family ambiguous,Medium,Needs Review,True
TIT130ML001023,Area 130,130-ML-01,SAG MILL,,,,,,,130-ML-01; 1 instrument candidates,Equipment code match; instrument family ambiguous,Medium,Needs Review,True
FIT130ML001008,Area 130,130-ML-01,SAG MILL,,,,,,,130-ML-01; 1 instrument candidates,Equipment code match; instrument family ambiguous,Medium,Needs Review,True
FIT130ML001009,Area 130,130-ML-01,SAG MILL,,,,,,,130-ML-01; 1 instrument candidates,Equipment code match; instrument family ambiguous,Medium,Needs Review,True
TIT130ML001024,Area 130,130-ML-01,SAG MILL,,,,,,,130-ML-01; 1 instrument candidates,Equipment code match; instrument family ambiguous,Medium,Needs Review,True
TIT130ML001025,Area 130,130-ML-01,SAG MILL,,,,,,,130-ML-01; 1 instrument candidates,Equipment code match; instrument family ambiguous,Medium,Needs Review,True
TIT130ML001026,Area 130,130-ML-01,SAG MILL,,,,,,,130-ML-01; 1 instrument candidates,Equipment code match; instrument family ambiguous,Medium,Needs Review,True
OIL170TH001001,Area 170,170-TH-01,,,,,,,,170-TH-01; 8 instrument candidates,Equipment code match; instrument family ambiguous,Medium,Needs Review,True
OIL170TH001002,Area 170,170-TH-01,,,,,,,,170-TH-01; 8 instrument candidates,Equipment code match; instrument family ambiguous,Medium,Needs Review,True
PRV170TH001,Area 170,170-TH-00,,,,,,,,,PLC tag pattern only,Low,Needs Review,True
RPV170TH001,Area 170,170-TH-00,,,,,,,,,PLC tag pattern only,Low,Needs Review,True
SCV170TH001,Area 170,170-TH-00,,,,,,,,,PLC tag pattern only,Low,Needs Review,True
TQV170TH001,Area 170,170-TH-00,,,,,,,,,PLC tag pattern only,Low,Needs Review,True
OIL190TH001001,Area 190,190-TH-01,,,,,,,,190-TH-01; 12 instrument candidates,Equipment code match; instrument family ambiguous,Medium,Needs Review,True
OIL190TH001002,Area 190,190-TH-01,,,,,,,,190-TH-01; 12 instrument candidates,Equipment code match; instrument family ambiguous,Medium,Needs Review,True
PRV190TH001,Area 190,190-TH-00,,,,,,,,,PLC tag pattern only,Low,Needs Review,True
RPV190TH001,Area 190,190-TH-00,,,,,,,,,PLC tag pattern only,Low,Needs Review,True
SCV190TH001,Area 190,190-TH-00,,,,,,,,,PLC tag pattern only,Low,Needs Review,True
PQV190TH001,Area 190,190-TH-00,,,,,,,,,PLC tag pattern only,Low,Needs Review,True
LIT220PP2728,Area 220,220-PP-272,,LIT220PP2728,Polishing Water First Stage Pond Level meter,mm,AI,"Level Transmitter, Ultrasonic",0~10000,Exact tag,Exact Instrument List tag match,High,Needs Review,True
LIT220PP1718,Area 220,220-PP-171,,LIT220PP1718,Raw Water Pond Level Transmitter,mm,AI,"Level Transmitter, Ultrasonic",0~5000,Exact tag,Exact Instrument List tag match,High,Needs Review,True
LIT220CAG0102,Area 220,220-CAG-10,,LIT220CAG0102,River First Stage Pond Level meter,mm,AI,"Level Transmitter, Ultrasonic",0~10000,Exact tag,Exact Instrument List tag match,High,Needs Review,True
LIT220PP0102,Area 220,220-PP-10,FILTERED WATER PUMP 01,LIT220PP0102,River Level Transmitter,mm,AI,"Level Transmitter, Ultrasonic",0~5000,Exact tag,Exact Instrument List tag match,High,Needs Review,True
LIT220PP0809,Area 220,220-PP-80,,LIT220PP0809,Polishing Pond Level Transmitter,mm,AI,"Level Transmitter, Ultrasonic",0~5000,Exact tag,Exact Instrument List tag match,High,Needs Review,True
LIT220CAG0304,Area 220,220-CAG-30,,LIT220CAG0304,Raw First Stage Pond Level meter,mm,AI,"Level Transmitter, Ultrasonic",0~10000,Exact tag,Exact Instrument List tag match,High,Needs Review,True
Running Hours Jaw Crusher,,,,,,,,,,,PLC tag pattern only,Low,Needs Review,True
Running Minutes Jaw Crusher,,,,,,,,,,,PLC tag pattern only,Low,Needs Review,True
Running Hours Apron Feeder,,,,,,,,,,,PLC tag pattern only,Low,Needs Review,True
Running Minutes Apron Feeder,,,,,,,,,,,PLC tag pattern only,Low,Needs Review,True
Running Hours Belt Feeder,,,,,,,,,,,PLC tag pattern only,Low,Needs Review,True
Running Minutes Belt Feeder,,,,,,,,,,,PLC tag pattern only,Low,Needs Review,True
Running HoursSAG Mill,,,,,,,,,,,PLC tag pattern only,Low,Needs Review,True
Running Minutes SAG Mill,,,,,,,,,,,PLC tag pattern only,Low,Needs Review,True
IIT180ELW01,Area 180,180-ELW-01,ELECTROWINNING CELL 01,,,,,,,,PLC tag pattern only,Low,Needs Review,True
EIT180ELW01,Area 180,180-ELW-01,ELECTROWINNING CELL 01,,,,,,,,PLC tag pattern only,Low,Needs Review,True
IIT180ELW03,Area 180,180-ELW-03,ELECTROWINNING CELL 03,,,,,,,,PLC tag pattern only,Low,Needs Review,True
EIT180ELW03,Area 180,180-ELW-03,ELECTROWINNING CELL 03,,,,,,,,PLC tag pattern only,Low,Needs Review,True
IIT180ELW05,Area 180,180-ELW-05,ELECTROWINNING CELL 05,,,,,,,,PLC tag pattern only,Low,Needs Review,True
EIT180ELW05,Area 180,180-ELW-05,ELECTROWINNING CELL 05,,,,,,,,PLC tag pattern only,Low,Needs Review,True
FIQ130ML01A,Area 130,130-ML-01,SAG MILL,,,,,,,130-ML-01; 1 instrument candidates,Equipment code match; instrument family ambiguous,Medium,Needs Review,True
FIQ130ML02A,Area 130,130-ML-02,BALL MILL,FIT130ML02A,Process Water to Ball mill (130-ML-02) Flow meter,m³/h,AI,"Flowmeter, Electromagnetic",0~12,130-ML-02 + FI,Equipment code + measurement family match,Medium,Needs Review,True
FIQ130CY001,Area 130,130-CY-00,,,,,,,,,PLC tag pattern only,Low,Needs Review,True
FIQ170BX002,Area 170,170-BX-00,,,,,,,,,PLC tag pattern only,Low,Needs Review,True
FIQ220TK003,Area 220,220-TK-00,,,,,,,,,PLC tag pattern only,Low,Needs Review,True
FIQ220TK001,Area 220,220-TK-00,,,,,,,,,PLC tag pattern only,Low,Needs Review,True
FIQ190TK001,Area 190,190-TK-00,,,,,,,,,PLC tag pattern only,Low,Needs Review,True
FIQ180CL01A,Area 180,180-CL-01,ACID COLUMN,,,,,,,180-CL-01; 8 instrument candidates,Equipment code match; instrument family ambiguous,Medium,Needs Review,True
FIQ180CL01B,Area 180,180-CL-01,ACID COLUMN,,,,,,,180-CL-01; 8 instrument candidates,Equipment code match; instrument family ambiguous,Medium,Needs Review,True
FIQ180ELW01,Area 180,180-ELW-01,ELECTROWINNING CELL 01,,,,,,,,PLC tag pattern only,Low,Needs Review,True
FIQ180ELW03,Area 180,180-ELW-03,ELECTROWINNING CELL 03,,,,,,,,PLC tag pattern only,Low,Needs Review,True
FIQ180ELW05,Area 180,180-ELW-05,ELECTROWINNING CELL 05,,,,,,,,PLC tag pattern only,Low,Needs Review,True
FIQ180HX001,Area 180,180-HX-00,,,,,,,,,PLC tag pattern only,Low,Needs Review,True
FIQ180TK03A,Area 180,180-TK-03,PRESOAK ELUTION TANK,,,,,,,180-TK-03; 3 instrument candidates,Equipment code match; instrument family ambiguous,Medium,Needs Review,True
FIQ180TK03B,Area 180,180-TK-03,PRESOAK ELUTION TANK,,,,,,,180-TK-03; 3 instrument candidates,Equipment code match; instrument family ambiguous,Medium,Needs Review,True
DIR190PP013,Area 190,190-PP-01,TAILING DEWATERING THICKENER UNDERFLOW PUMP-01,,,,,,,,PLC tag pattern only,Low,Needs Review,True
DIR190PP014,Area 190,190-PP-01,TAILING DEWATERING THICKENER UNDERFLOW PUMP-01,,,,,,,,PLC tag pattern only,Low,Needs Review,True
DIR190PP015,Area 190,190-PP-01,TAILING DEWATERING THICKENER UNDERFLOW PUMP-01,,,,,,,,PLC tag pattern only,Low,Needs Review,True
DIR190PP016,Area 190,190-PP-01,TAILING DEWATERING THICKENER UNDERFLOW PUMP-01,,,,,,,,PLC tag pattern only,Low,Needs Review,True
DIR190PP017,Area 190,190-PP-01,TAILING DEWATERING THICKENER UNDERFLOW PUMP-01,,,,,,,,PLC tag pattern only,Low,Needs Review,True
FIQ170TH01,Area 170,170-TH-01,,,,,,,,170-TH-01; 8 instrument candidates,Equipment code match; instrument family ambiguous,Medium,Needs Review,True
FIQ140TK06D,Area 140,140-TK-06,ROUGHER FLOTATION TANK 01,FIT140TK06A,Flotation Cell (140-TK-06) Blower air Flowmeter,m³/min,AI,"Flowmeter, Calorimetric",0~13.2,140-TK-06 + FI,Equipment code + measurement family match,Medium,Needs Review,True
FIQ140TK06C,Area 140,140-TK-06,ROUGHER FLOTATION TANK 01,FIT140TK06A,Flotation Cell (140-TK-06) Blower air Flowmeter,m³/min,AI,"Flowmeter, Calorimetric",0~13.2,140-TK-06 + FI,Equipment code + measurement family match,Medium,Needs Review,True
FIQ140TK06B,Area 140,140-TK-06,ROUGHER FLOTATION TANK 01,FIT140TK06A,Flotation Cell (140-TK-06) Blower air Flowmeter,m³/min,AI,"Flowmeter, Calorimetric",0~13.2,140-TK-06 + FI,Equipment code + measurement family match,Medium,Needs Review,True
FIQ140TK10B,Area 140,140-TK-10,SCAVENGER FLOTATION TANK 01,FIT140TK10A,Flotation Cell (140-TK-10) Blower air Flowmeter,m³/min,AI,"Flowmeter, Calorimetric",0~13.2,140-TK-10 + FI,Equipment code + measurement family match,Medium,Needs Review,True
FIQ140TK24B,Area 140,140-TK-24,CLEANER FLOTATION TANK 04,FIT140TK24A,Cleaner 1 Flotation Cell (140-TK-24) Blower Air Flowmeter,m³/min,AI,"Flowmeter, Calorimetric",0~7.84,140-TK-24 + FI,Equipment code + measurement family match,Medium,Needs Review,True
FIQ140TH01,Area 140,140-TH-01,FLOTATION CONCENTRATE THICKENER,,,,,,,140-TH-01; 4 instrument candidates,Equipment code match; instrument family ambiguous,Medium,Needs Review,True
DIR240CP001,Area 240,240-CP-00,,,,,,,,,PLC tag pattern only,Low,Needs Review,True
DIR240CP002,Area 240,240-CP-00,,,,,,,,,PLC tag pattern only,Low,Needs Review,True
DIR240CP003,Area 240,240-CP-00,,,,,,,,,PLC tag pattern only,Low,Needs Review,True
LIT170CDM01,Area 170,170-CDM-01,LEACH AUTOMATIC REAGENT ADDING DEVICE,,,,,,,,PLC tag pattern only,Low,Needs Review,True
FIT210MIP01001,Area 210,210-MIP-10,,,,,,,,,PLC tag pattern only,Low,Needs Review,True
DSG210MIP01,Area 210,210-MIP-01,CONCENTRATE THICKENER FLOCCULANT MIXING PLANT,,,,,,,,PLC tag pattern only,Low,Needs Review,True
VSD210MIP01PP1,Area 210,210-MIP-01,CONCENTRATE THICKENER FLOCCULANT MIXING PLANT,,,,,,,,PLC tag pattern only,Low,Needs Review,True
VSD210MIP01PP2,Area 210,210-MIP-01,CONCENTRATE THICKENER FLOCCULANT MIXING PLANT,,,,,,,,PLC tag pattern only,Low,Needs Review,True
FIT210MIP01002,Area 210,210-MIP-10,,,,,,,,,PLC tag pattern only,Low,Needs Review,True
